,index,having_IPhaving_IP_Address,URLURL_Length,Shortining_Service,having_At_Symbol,double_slash_redirecting,Prefix_Suffix,having_Sub_Domain,SSLfinal_State,Domain_registeration_length,Favicon,port,HTTPS_token,Request_URL,URL_of_Anchor,Links_in_tags,SFH,Submitting_to_email,Abnormal_URL,Redirect,on_mouseover,RightClick,popUpWidnow,Iframe,age_of_domain,DNSRecord,web_traffic,Page_Rank,Google_Index,Links_pointing_to_page,Statistical_report,predicted_column
0,3300,1,-1,1,1,1,-1,0,1,1,1,1,1,-1,0,1,-1,1,1,0,1,1,1,1,-1,1,1,-1,1,0,1,1.0
1,9663,1,1,1,1,1,-1,-1,0,1,1,1,1,-1,-1,0,0,1,1,0,1,1,1,1,1,1,0,1,1,0,-1,0.0
2,9148,1,-1,1,1,1,-1,1,1,1,1,1,1,-1,0,1,0,1,1,0,1,1,1,1,-1,1,0,-1,1,0,1,1.0
3,3661,-1,-1,-1,1,-1,-1,-1,1,1,1,1,-1,1,0,1,-1,1,-1,1,1,1,1,1,1,-1,1,1,-1,1,1,1.0
4,8291,-1,1,1,1,1,-1,1,1,-1,1,1,1,1,0,1,1,1,1,0,1,1,1,1,-1,1,0,1,1,0,-1,1.0
5,5755,-1,1,1,1,1,-1,0,0,-1,1,1,1,1,-1,-1,-1,1,1,0,1,1,1,1,1,1,-1,-1,1,0,1,0.0
6,4445,1,-1,1,1,1,-1,1,1,-1,-1,-1,1,1,1,1,-1,-1,1,0,-1,-1,-1,-1,1,-1,1,1,-1,1,-1,1.0
7,3746,1,-1,1,1,1,-1,-1,1,-1,1,1,1,-1,0,-1,-1,1,1,0,1,1,1,1,-1,1,0,-1,-1,0,1,0.0
8,1511,1,-1,1,1,1,-1,1,1,1,1,1,1,1,0,0,-1,1,1,0,1,1,1,1,1,-1,0,-1,1,1,1,0.0
9,5808,-1,-1,1,1,1,-1,0,1,1,1,1,1,-1,-1,-1,-1,1,1,0,1,1,1,1,-1,1,1,1,1,0,1,0.0
10,9201,-1,1,1,-1,1,-1,0,0,-1,-1,-1,1,1,-1,0,-1,-1,1,0,1,1,1,1,1,1,1,1,1,1,1,0.0
11,5964,1,-1,1,1,1,-1,0,-1,1,1,1,1,-1,0,0,-1,1,1,1,1,1,1,1,-1,1,1,1,1,0,1,0.0
12,7955,-1,-1,1,1,1,-1,0,1,1,1,1,1,1,0,0,-1,1,1,0,1,1,1,1,-1,1,0,1,1,1,1,1.0
13,4302,1,-1,1,1,1,-1,1,1,-1,1,1,1,1,0,0,-1,1,1,0,1,1,1,1,1,1,1,1,1,0,1,1.0
14,655,1,-1,1,-1,1,-1,-1,-1,1,1,1,1,-1,-1,0,-1,1,1,0,1,1,1,1,-1,1,-1,-1,1,0,1,0.0
15,10692,-1,1,-1,-1,1,-1,-1,-1,-1,1,1,1,1,-1,-1,-1,-1,-1,0,1,1,1,1,1,1,1,-1,-1,0,1,0.0
16,2136,1,-1,1,1,1,1,1,-1,-1,1,1,1,1,1,0,-1,1,1,0,1,1,1,1,1,-1,-1,-1,1,1,1,1.0
17,7345,-1,1,1,1,1,-1,0,-1,-1,1,1,1,1,-1,0,0,1,1,0,1,1,1,1,1,1,-1,1,1,1,1,0.0
18,2629,1,-1,1,1,1,-1,0,1,-1,-1,-1,-1,1,0,-1,-1,-1,1,0,-1,1,-1,-1,-1,-1,1,1,1,1,-1,1.0
19,10881,-1,-1,1,1,1,-1,0,1,-1,1,1,1,1,0,0,-1,1,1,0,1,1,1,1,1,1,0,-1,1,0,1,0.0
20,8441,1,-1,1,1,1,-1,1,1,1,1,1,1,-1,1,1,1,1,1,0,1,1,1,1,1,1,-1,-1,1,0,1,1.0
21,663,1,-1,1,1,1,-1,0,-1,-1,1,1,1,1,-1,0,-1,1,1,0,1,1,-1,1,-1,-1,-1,-1,1,0,1,0.0
22,3576,1,-1,1,1,1,-1,0,-1,-1,1,1,1,1,-1,0,-1,1,1,0,1,1,1,1,-1,1,1,-1,1,0,1,0.0
23,593,1,-1,1,1,1,-1,0,1,-1,1,1,1,-1,0,-1,-1,1,1,0,1,1,1,1,-1,1,1,1,1,0,1,1.0
24,4947,1,-1,-1,1,-1,-1,-1,1,-1,1,1,-1,1,0,1,-1,1,-1,0,1,1,1,1,1,-1,1,-1,1,1,1,1.0
25,2589,1,-1,1,1,1,-1,0,-1,1,1,1,1,-1,-1,-1,-1,1,1,0,1,1,1,1,-1,-1,0,-1,-1,0,1,0.0
26,7733,-1,1,1,-1,1,-1,0,1,-1,1,1,1,1,-1,-1,-1,1,1,1,1,1,1,1,1,1,0,-1,1,0,1,0.0
27,4364,1,-1,1,1,1,-1,-1,-1,1,1,1,1,1,0,-1,-1,1,1,0,1,1,1,1,-1,-1,1,-1,1,0,1,0.0
28,8498,-1,-1,1,-1,1,-1,1,-1,-1,-1,-1,1,1,1,-1,-1,-1,1,0,1,1,1,1,1,1,-1,-1,-1,1,1,0.0
29,8278,-1,-1,-1,1,-1,-1,1,1,-1,1,1,-1,-1,1,1,-1,1,-1,0,1,1,1,1,1,-1,1,-1,1,1,1,1.0
30,3012,1,-1,1,1,1,-1,1,1,-1,1,1,1,1,0,0,-1,1,1,0,1,1,1,1,1,1,0,-1,1,0,1,0.0
31,8694,-1,1,-1,1,-1,-1,1,1,-1,1,1,-1,1,1,0,0,1,-1,1,1,1,1,1,1,-1,-1,1,1,1,1,1.0
32,10384,1,-1,1,1,1,-1,1,-1,-1,1,1,1,1,-1,-1,-1,1,1,0,1,1,1,1,-1,1,1,-1,1,0,1,0.0
33,5858,-1,-1,1,1,1,1,1,-1,-1,1,1,1,1,1,0,-1,1,1,0,1,1,1,1,-1,1,-1,1,1,1,1,1.0
34,2521,1,-1,1,1,1,-1,0,1,1,1,1,1,-1,1,-1,-1,1,-1,0,1,1,1,1,-1,-1,0,1,-1,1,1,1.0
35,8721,1,-1,1,1,1,-1,0,-1,1,1,1,1,-1,0,-1,-1,1,1,0,1,1,1,1,1,1,1,-1,-1,0,1,0.0
36,7833,-1,-1,-1,1,-1,-1,1,-1,-1,1,1,-1,1,0,0,1,1,-1,0,1,1,1,1,-1,-1,1,1,-1,1,1,1.0
37,5469,-1,1,1,1,1,1,1,1,-1,1,1,1,1,1,0,-1,1,1,0,1,1,1,1,1,1,-1,-1,1,1,1,1.0
38,1296,1,-1,1,1,-1,-1,0,-1,1,1,1,1,-1,0,0,-1,1,1,0,1,1,1,1,1,-1,1,-1,1,0,1,0.0
39,5632,-1,-1,1,1,1,-1,0,-1,-1,1,1,1,1,-1,0,-1,1,1,0,1,1,1,1,-1,1,-1,1,1,0,-1,0.0
40,6372,-1,-1,1,1,1,-1,0,-1,-1,1,1,1,1,0,0,-1,-1,1,0,1,1,1,1,-1,1,1,1,1,0,1,0.0
41,8172,1,-1,-1,1,1,-1,0,1,-1,1,1,1,-1,0,0,-1,1,1,0,1,1,1,1,1,1,-1,-1,1,0,1,1.0
42,9186,-1,1,1,-1,-1,-1,1,-1,-1,-1,-1,1,1,-1,-1,1,-1,-1,1,-1,1,-1,1,1,1,1,1,1,-1,1,0.0
43,1140,1,-1,1,1,1,-1,-1,-1,-1,1,1,1,1,0,-1,-1,1,1,0,1,1,1,1,-1,1,0,-1,1,0,1,0.0
44,8435,-1,-1,-1,1,-1,-1,1,1,-1,1,1,-1,-1,0,-1,1,1,-1,1,1,1,1,1,1,-1,1,1,-1,1,1,1.0
45,1898,1,-1,1,1,1,1,-1,1,-1,-1,-1,1,-1,1,0,-1,-1,1,0,1,1,1,1,1,1,1,-1,1,0,-1,1.0
46,1510,1,-1,1,1,1,-1,0,-1,-1,1,1,1,-1,-1,0,-1,1,1,0,1,1,-1,1,-1,-1,0,-1,1,1,1,0.0
47,155,1,-1,1,-1,1,-1,-1,-1,1,1,1,1,-1,-1,0,-1,1,1,0,1,1,1,1,1,-1,-1,-1,1,1,1,0.0
48,3242,1,-1,1,1,1,-1,-1,-1,1,1,1,1,-1,1,-1,-1,1,1,0,1,1,1,1,1,1,-1,-1,1,0,1,0.0
49,4295,1,-1,1,1,1,-1,1,1,-1,-1,1,1,1,0,-1,-1,1,1,0,1,1,-1,1,1,-1,1,-1,1,0,1,1.0
50,9592,-1,-1,1,1,1,-1,1,1,-1,1,1,1,1,0,0,-1,1,1,0,1,1,1,1,1,1,1,-1,1,0,1,1.0
51,8657,-1,-1,1,1,1,-1,0,0,1,1,1,1,-1,-1,1,-1,1,1,0,1,1,1,1,1,1,0,-1,1,0,1,0.0
52,7589,-1,-1,1,-1,1,-1,0,1,1,1,1,1,-1,-1,-1,-1,1,1,1,1,1,1,1,-1,1,0,1,1,1,1,0.0
53,8524,1,-1,1,-1,1,-1,1,1,-1,-1,-1,1,-1,1,-1,-1,-1,1,0,-1,1,-1,-1,1,1,1,-1,1,0,1,1.0
54,5233,-1,-1,1,-1,1,-1,0,0,1,1,-1,1,1,-1,-1,-1,-1,1,0,-1,-1,-1,-1,-1,1,-1,1,1,0,1,0.0
55,5628,-1,-1,1,-1,1,1,0,1,1,-1,-1,1,-1,1,-1,-1,-1,1,0,-1,-1,-1,-1,-1,1,1,-1,1,1,1,1.0
56,2612,1,-1,1,1,1,-1,0,-1,-1,-1,-1,-1,-1,-1,0,-1,-1,1,0,-1,1,-1,-1,-1,-1,-1,-1,1,0,-1,0.0
57,1366,-1,-1,-1,1,1,1,1,1,-1,1,1,-1,1,0,-1,-1,1,1,0,1,1,1,1,1,-1,1,-1,1,-1,1,1.0
58,2621,1,-1,1,1,1,-1,0,-1,-1,-1,1,1,-1,-1,1,-1,1,1,0,1,1,-1,1,-1,-1,-1,-1,-1,0,1,0.0
59,3421,-1,-1,-1,1,-1,1,-1,1,-1,1,1,-1,1,1,-1,-1,1,-1,1,1,1,1,1,1,1,1,-1,1,1,1,1.0
60,9144,-1,-1,1,1,-1,-1,1,0,-1,1,1,-1,-1,0,-1,-1,1,1,1,1,1,1,1,1,1,1,-1,1,0,1,0.0
61,1364,1,-1,1,1,-1,-1,1,1,-1,1,1,1,1,1,0,-1,1,1,1,1,1,1,1,1,1,1,1,-1,-1,1,1.0
62,638,1,-1,1,1,1,-1,-1,1,-1,-1,-1,1,1,0,-1,-1,-1,1,0,1,-1,-1,-1,1,-1,1,1,1,1,-1,1.0
63,4135,1,-1,1,-1,1,1,1,1,-1,1,1,1,1,1,1,-1,1,1,0,1,1,1,1,1,1,1,1,1,0,1,1.0
64,5341,-1,-1,1,1,1,-1,0,0,-1,1,1,1,-1,-1,-1,-1,1,-1,1,1,1,1,1,-1,1,-1,1,1,0,-1,0.0
65,8600,-1,-1,1,1,1,-1,1,-1,1,1,1,1,1,0,0,-1,1,1,0,1,1,1,1,1,1,1,-1,1,1,1,0.0
66,9719,-1,-1,1,1,1,-1,-1,-1,-1,1,1,1,-1,-1,-1,0,1,1,0,1,1,1,1,1,1,1,-1,1,0,1,0.0
67,810,1,-1,1,1,1,-1,-1,-1,1,1,1,1,-1,-1,-1,-1,1,1,0,1,1,1,1,-1,-1,-1,-1,-1,1,1,0.0
68,870,1,1,1,1,1,-1,0,-1,1,1,1,1,-1,0,-1,1,1,1,0,1,1,1,1,-1,-1,0,-1,1,0,1,0.0
69,6482,1,-1,1,1,1,-1,-1,1,-1,1,1,1,1,0,0,-1,1,1,0,1,1,1,1,-1,1,1,-1,1,0,1,1.0
70,3446,1,-1,1,1,1,-1,-1,-1,-1,1,1,1,-1,-1,-1,-1,1,1,0,1,1,1,1,-1,-1,-1,-1,1,1,1,0.0
71,5076,1,-1,1,1,1,-1,-1,1,-1,-1,-1,1,1,0,0,-1,-1,1,0,1,1,-1,1,1,-1,1,-1,1,0,1,1.0
72,10743,-1,-1,1,1,1,1,1,1,-1,1,1,1,1,0,-1,1,1,1,0,1,1,1,1,1,1,-1,-1,1,1,1,1.0
73,6743,-1,-1,1,1,1,-1,0,1,1,1,1,1,-1,-1,-1,-1,1,1,0,1,1,1,1,-1,1,0,1,1,0,1,0.0
74,3870,1,-1,1,1,1,1,-1,1,-1,-1,-1,1,1,1,1,-1,-1,1,0,-1,-1,-1,-1,1,1,1,-1,1,1,-1,1.0
75,6116,-1,-1,1,1,1,-1,0,-1,-1,1,1,1,-1,-1,-1,-1,1,1,0,1,1,1,1,-1,1,-1,1,1,1,1,0.0
76,757,1,-1,1,1,1,-1,1,1,1,-1,-1,1,-1,1,-1,-1,-1,1,0,-1,1,-1,-1,1,1,1,-1,1,0,-1,1.0
77,8802,-1,1,1,1,1,-1,0,1,-1,1,1,-1,1,-1,-1,-1,1,1,0,1,1,1,1,1,1,1,-1,1,1,1,0.0
78,9111,1,-1,1,1,1,-1,1,1,-1,1,1,1,1,0,0,1,1,1,0,1,1,1,1,1,1,-1,-1,1,0,1,1.0
79,10438,-1,-1,-1,1,-1,-1,1,1,-1,1,1,-1,1,0,0,-1,1,-1,1,1,1,1,1,1,-1,1,-1,1,1,1,1.0
80,7902,1,-1,1,1,1,-1,1,1,-1,1,1,1,1,-1,0,-1,1,1,0,1,1,1,1,-1,1,1,-1,1,-1,1,1.0
81,3757,1,-1,1,1,1,-1,1,0,-1,1,1,1,1,0,-1,-1,1,1,0,1,1,1,1,1,1,1,-1,1,0,1,1.0
82,3867,1,-1,1,1,1,-1,-1,-1,-1,1,1,-1,1,-1,-1,-1,-1,1,0,1,1,1,1,-1,-1,1,-1,1,0,1,0.0
83,9533,-1,1,1,1,1,-1,1,1,1,-1,1,1,-1,0,0,-1,1,1,0,-1,1,-1,1,1,1,1,1,-1,0,1,1.0
84,6790,-1,1,1,1,1,1,0,1,-1,1,1,1,1,0,0,-1,1,1,0,1,1,1,1,1,1,1,-1,1,1,1,1.0
85,10708,1,-1,1,1,1,-1,1,1,-1,1,1,1,1,0,1,0,-1,1,0,1,1,1,1,1,1,-1,-1,1,-1,1,1.0
86,8700,-1,1,1,-1,1,-1,-1,0,-1,-1,-1,1,-1,-1,0,-1,-1,1,0,1,1,-1,1,1,1,0,1,1,0,1,0.0
87,9688,-1,1,1,-1,1,-1,1,-1,-1,-1,-1,1,1,1,-1,-1,-1,1,0,-1,1,-1,-1,1,1,0,1,1,1,1,1.0
88,217,1,-1,1,1,1,-1,1,1,-1,1,1,1,1,1,-1,-1,1,1,0,1,1,1,1,1,1,1,-1,1,1,1,1.0
89,1009,1,-1,1,1,1,-1,-1,-1,-1,-1,-1,1,1,-1,0,-1,-1,1,0,-1,1,-1,-1,-1,1,0,-1,1,1,-1,0.0
90,6789,-1,1,1,1,1,-1,0,1,-1,-1,-1,1,1,0,-1,-1,-1,1,0,-1,1,-1,-1,1,1,1,-1,1,-1,1,1.0
91,2882,1,-1,1,-1,1,-1,0,-1,1,-1,-1,1,1,-1,1,-1,-1,1,0,-1,-1,-1,-1,-1,-1,-1,-1,1,0,-1,0.0
92,6639,1,-1,1,1,1,-1,0,-1,-1,1,1,1,1,1,1,1,1,1,0,1,1,1,1,-1,1,1,1,1,0,1,1.0
93,6244,1,-1,1,1,1,-1,0,-1,1,1,1,1,-1,-1,-1,-1,1,1,0,1,1,1,1,-1,1,0,1,1,0,1,0.0
94,7565,-1,1,-1,1,-1,-1,1,0,-1,1,1,-1,1,-1,0,0,1,-1,0,1,1,1,1,1,-1,1,-1,-1,1,1,0.0
95,8284,-1,-1,-1,-1,-1,-1,1,-1,-1,-1,-1,-1,-1,-1,1,-1,-1,-1,0,1,1,-1,-1,1,-1,1,-1,1,1,-1,0.0
96,4002,1,1,1,1,1,-1,-1,1,-1,1,1,1,1,0,1,1,1,1,0,1,1,1,1,1,-1,0,-1,1,1,1,0.0
97,6079,1,-1,1,1,1,-1,1,1,-1,1,1,1,1,1,0,1,1,1,0,1,1,1,1,-1,1,1,1,1,0,1,1.0
98,3913,1,-1,1,1,1,-1,1,1,-1,-1,-1,1,1,1,-1,-1,-1,1,0,-1,1,-1,1,1,1,1,-1,-1,0,-1,1.0
99,597,1,-1,1,1,1,-1,-1,1,-1,1,1,1,1,0,1,-1,1,1,0,1,1,1,1,-1,1,0,-1,1,0,1,0.0
100,5665,-1,-1,-1,1,-1,-1,1,1,-1,1,1,-1,1,0,0,1,1,-1,0,1,1,1,1,-1,-1,1,-1,-1,1,1,1.0
101,5213,-1,1,1,-1,1,-1,0,1,-1,1,1,1,1,0,-1,-1,1,1,0,1,1,1,1,1,1,1,1,1,1,1,1.0
102,447,1,-1,1,1,1,-1,1,-1,1,1,1,1,-1,0,-1,-1,1,1,0,1,1,1,1,1,-1,1,-1,1,1,1,0.0
103,9731,1,-1,1,-1,1,-1,-1,0,1,-1,-1,1,-1,-1,1,-1,-1,1,0,1,1,-1,1,1,1,1,-1,1,0,1,0.0
104,1987,1,-1,1,1,1,-1,0,1,-1,1,1,1,1,0,-1,-1,1,1,0,1,1,1,1,-1,1,1,-1,1,0,1,1.0
105,4611,1,-1,1,1,1,-1,-1,-1,-1,1,1,1,1,-1,0,-1,1,1,0,1,1,1,1,-1,-1,-1,-1,-1,1,1,0.0
106,4350,1,-1,1,1,1,-1,-1,1,-1,1,1,1,1,0,0,-1,1,1,0,1,1,1,1,1,-1,0,-1,1,1,1,1.0
107,3004,1,-1,1,1,1,-1,-1,-1,1,-1,-1,1,-1,-1,1,-1,-1,1,0,-1,1,-1,-1,1,-1,-1,-1,-1,0,-1,0.0
108,9416,-1,-1,1,1,1,-1,1,1,-1,1,1,1,1,0,-1,1,1,1,0,1,1,1,1,1,1,0,-1,1,1,1,1.0
109,5940,-1,-1,1,1,1,-1,0,1,1,1,1,1,-1,0,1,-1,-1,1,0,1,1,1,1,-1,1,-1,-1,1,1,1,1.0
110,5477,1,-1,1,-1,-1,-1,1,1,-1,1,1,1,1,1,0,1,1,1,1,1,1,1,1,-1,1,1,-1,1,0,1,1.0
111,6894,1,-1,1,1,1,-1,0,-1,1,1,1,1,-1,0,0,-1,1,1,0,1,1,1,1,-1,1,1,1,1,0,1,0.0
112,8679,-1,-1,-1,1,-1,1,1,1,-1,1,1,-1,1,1,-1,-1,1,-1,1,1,1,1,1,-1,-1,0,-1,1,1,1,1.0
113,8180,1,1,-1,-1,1,-1,-1,1,-1,1,1,1,1,0,1,0,1,1,0,1,1,1,1,1,1,1,-1,1,1,1,1.0
114,7641,-1,-1,-1,-1,-1,-1,0,-1,-1,1,1,-1,1,0,0,0,1,-1,1,1,1,1,1,-1,-1,1,-1,1,1,1,1.0
115,1392,1,1,1,1,1,1,-1,1,-1,1,1,-1,1,0,0,1,1,1,0,1,1,1,1,-1,-1,1,1,1,-1,1,1.0
116,1652,1,-1,1,1,1,-1,1,1,-1,1,1,1,1,0,-1,-1,1,1,0,1,1,1,1,1,1,1,1,1,0,1,1.0
117,2857,1,-1,1,1,1,1,-1,1,-1,1,1,1,1,0,-1,-1,1,1,0,1,1,1,1,1,-1,1,1,1,1,1,1.0
118,9950,-1,-1,1,-1,1,1,1,1,-1,-1,-1,1,1,1,0,-1,-1,1,0,-1,-1,-1,-1,1,1,-1,-1,1,1,1,1.0
119,10981,1,-1,1,-1,1,1,1,1,-1,-1,-1,1,-1,1,-1,-1,-1,1,0,1,1,-1,1,1,1,-1,-1,1,0,1,1.0
120,7000,-1,-1,1,1,1,-1,1,1,-1,-1,1,1,1,0,1,-1,1,1,0,1,1,-1,-1,-1,1,0,1,1,1,1,1.0
121,959,1,-1,1,1,1,1,-1,1,-1,1,1,1,1,0,0,-1,1,1,0,1,1,1,1,1,1,1,-1,1,0,1,1.0
122,129,1,-1,1,1,1,1,0,-1,1,1,1,1,-1,0,-1,-1,1,1,0,1,1,1,1,1,1,-1,-1,1,1,1,1.0
123,10665,-1,-1,1,1,1,-1,0,0,-1,1,1,1,-1,-1,0,0,1,1,0,1,1,1,1,1,1,0,-1,1,1,1,0.0
124,2211,1,-1,1,1,1,-1,1,-1,1,1,1,1,1,0,-1,-1,1,1,0,1,1,1,1,-1,1,1,-1,1,0,1,0.0
125,6715,1,0,1,-1,1,-1,0,1,1,1,1,-1,-1,0,-1,0,-1,-1,0,1,1,1,1,-1,1,-1,-1,1,0,1,1.0
126,10047,1,-1,1,1,1,1,1,1,-1,1,1,1,1,0,0,1,1,1,0,1,1,1,1,-1,1,-1,-1,1,0,1,1.0
127,1430,1,1,1,1,1,-1,0,-1,-1,-1,1,1,1,0,0,1,-1,1,0,-1,1,-1,1,-1,1,1,-1,1,0,1,1.0
128,10139,1,-1,1,1,1,-1,-1,-1,-1,1,1,1,1,0,1,-1,1,1,0,1,1,1,1,1,1,1,-1,1,1,1,1.0
129,10877,-1,-1,1,1,1,-1,1,1,-1,1,1,1,1,0,0,1,1,1,0,1,1,1,1,-1,1,-1,-1,1,1,1,1.0
130,8797,-1,-1,-1,1,-1,-1,1,1,1,1,1,-1,-1,1,0,-1,1,-1,1,1,1,1,1,-1,-1,0,-1,1,1,1,1.0
131,1029,1,-1,1,1,1,-1,0,1,-1,1,1,1,1,0,-1,-1,1,1,0,1,1,1,1,1,-1,1,-1,1,1,1,1.0
132,1073,1,-1,1,1,1,-1,1,1,-1,1,1,1,1,1,1,-1,1,1,0,1,1,1,1,1,1,1,1,1,0,1,1.0
133,7927,1,-1,1,1,1,-1,0,-1,-1,1,1,1,1,-1,-1,-1,1,1,0,1,1,1,1,-1,1,0,-1,1,0,1,0.0
134,10078,-1,-1,1,1,1,-1,0,0,1,1,1,1,-1,0,-1,-1,1,1,0,1,1,1,1,-1,1,1,-1,1,0,1,0.0
135,7421,-1,-1,1,1,1,-1,1,1,1,1,1,1,-1,1,-1,1,1,1,0,1,1,1,1,-1,1,0,1,1,0,1,1.0
136,3257,1,-1,1,1,1,-1,1,1,-1,1,1,1,1,0,0,-1,1,1,0,1,1,1,1,1,1,1,1,1,0,1,1.0
137,1734,-1,-1,-1,1,-1,1,1,1,-1,1,1,-1,1,1,0,-1,1,-1,1,1,1,1,1,1,-1,1,1,1,1,1,1.0
138,9852,1,-1,1,-1,1,-1,-1,0,1,-1,-1,1,-1,0,0,0,-1,1,0,-1,-1,-1,-1,1,1,0,-1,-1,0,1,0.0
139,10342,-1,-1,-1,-1,-1,-1,0,-1,-1,-1,1,-1,1,-1,1,-1,1,-1,1,-1,1,-1,1,1,-1,1,-1,1,1,1,0.0
140,7687,1,-1,1,1,1,-1,1,1,-1,1,1,1,1,0,0,1,1,1,1,1,1,1,1,-1,1,1,-1,1,0,1,1.0
141,4253,1,-1,1,1,1,-1,0,0,1,1,1,1,-1,1,-1,-1,1,1,0,1,1,1,1,1,-1,-1,-1,-1,1,1,0.0
142,5375,1,1,1,-1,1,1,-1,1,-1,1,1,1,1,0,0,-1,-1,-1,0,1,1,1,1,1,1,0,1,1,0,1,1.0
143,8276,1,1,1,1,1,-1,1,1,-1,1,1,1,1,0,-1,0,1,1,0,1,1,1,1,1,1,1,1,1,0,1,1.0
144,4935,1,-1,1,1,1,-1,-1,-1,-1,1,1,1,1,-1,0,-1,1,1,0,1,1,1,1,1,-1,-1,-1,1,0,1,0.0
145,1967,1,-1,1,1,1,-1,-1,1,-1,1,1,1,1,0,0,-1,1,1,0,1,1,1,1,-1,-1,0,-1,1,0,1,0.0
146,259,1,-1,1,1,1,-1,0,1,-1,1,1,1,1,0,1,-1,1,1,0,1,1,1,1,-1,-1,1,-1,1,1,1,1.0
147,8228,1,1,1,1,1,1,1,-1,-1,1,1,1,1,0,0,0,1,1,0,1,1,1,1,1,1,0,1,1,-1,1,1.0
148,2323,1,-1,1,1,1,-1,-1,-1,-1,1,1,1,1,-1,0,-1,1,1,0,1,1,1,1,-1,-1,-1,-1,1,1,1,0.0
149,832,1,-1,1,1,1,-1,-1,-1,-1,1,1,1,1,-1,-1,-1,1,1,0,1,1,1,1,-1,-1,0,-1,1,0,1,0.0
150,211,1,-1,1,1,1,-1,0,1,1,1,1,-1,-1,0,0,-1,1,-1,0,1,1,1,1,-1,1,1,-1,1,0,-1,1.0
151,6040,1,-1,1,1,1,1,0,1,1,1,1,1,-1,1,1,-1,1,1,0,1,1,1,1,-1,1,1,-1,1,0,-1,1.0
152,1334,1,-1,1,1,1,-1,-1,-1,-1,1,1,1,-1,0,0,-1,1,1,0,1,1,1,1,-1,-1,0,-1,1,0,1,0.0
153,4016,1,-1,1,1,1,-1,1,1,1,1,1,1,1,0,1,-1,1,1,0,1,1,1,1,1,1,1,1,-1,0,1,1.0
154,4423,1,1,1,1,1,-1,1,1,-1,-1,1,1,1,0,0,1,1,1,0,-1,1,-1,-1,1,-1,0,-1,1,0,1,1.0
155,355,1,-1,1,1,1,-1,-1,1,-1,1,1,1,1,1,0,-1,1,1,0,1,1,1,1,-1,1,0,-1,1,0,1,1.0
156,3806,1,-1,1,1,1,-1,-1,1,-1,1,1,1,-1,1,1,-1,1,1,0,1,1,1,1,1,1,1,1,1,0,1,1.0
157,5032,1,1,1,1,1,1,-1,1,-1,1,1,1,1,1,-1,1,-1,-1,0,1,1,1,1,1,-1,1,-1,1,1,-1,1.0
158,9262,-1,-1,1,1,1,-1,1,1,-1,1,1,1,1,0,1,-1,1,1,0,1,1,1,1,-1,1,0,-1,1,1,1,1.0
159,6333,-1,-1,1,1,1,-1,0,1,1,1,1,1,1,-1,-1,-1,1,1,0,1,1,1,1,-1,1,0,-1,1,0,1,0.0
160,2025,1,-1,1,1,1,-1,0,-1,-1,1,1,1,-1,1,1,-1,1,1,0,1,1,1,1,-1,-1,-1,-1,1,1,1,1.0
161,10888,-1,-1,-1,1,-1,1,1,1,-1,1,1,-1,1,0,0,-1,1,-1,1,1,1,1,1,1,-1,-1,-1,1,1,1,1.0
162,10789,-1,-1,1,-1,1,-1,1,-1,-1,1,1,1,1,-1,-1,-1,1,1,0,1,1,1,1,1,1,1,-1,1,0,1,0.0
163,5322,-1,1,-1,1,-1,-1,1,1,-1,1,1,-1,1,0,-1,-1,1,-1,0,1,1,1,1,1,-1,0,-1,1,1,1,1.0
164,6857,1,-1,1,1,1,-1,0,-1,1,1,1,1,1,0,-1,-1,1,1,0,1,1,1,1,-1,1,1,1,1,0,1,0.0
165,154,1,-1,1,1,1,-1,-1,1,-1,1,1,1,1,-1,0,-1,1,1,0,1,1,1,1,1,1,1,-1,1,-1,1,1.0
166,3009,1,-1,1,1,1,-1,-1,1,-1,-1,-1,1,1,0,-1,-1,-1,1,0,1,-1,-1,-1,1,-1,1,1,1,1,-1,1.0
167,5280,-1,-1,-1,-1,-1,1,1,1,-1,1,1,1,-1,0,0,-1,1,-1,0,1,1,1,1,-1,-1,1,-1,1,0,1,1.0
168,1069,-1,-1,-1,1,-1,1,0,1,-1,1,1,-1,1,0,0,-1,1,-1,1,1,1,1,1,1,-1,1,-1,1,1,1,1.0
169,5064,1,-1,1,1,1,1,1,-1,-1,1,1,1,1,1,0,-1,1,1,0,1,1,1,1,1,-1,-1,-1,1,1,1,1.0
170,4916,1,-1,1,-1,1,-1,1,-1,-1,1,1,-1,-1,-1,1,-1,1,-1,0,1,1,1,1,1,-1,0,-1,-1,-1,-1,0.0
171,10893,-1,-1,1,-1,1,-1,0,-1,1,-1,-1,-1,-1,-1,0,-1,-1,-1,0,-1,1,-1,1,-1,1,1,-1,1,0,1,0.0
172,5609,-1,-1,1,1,1,-1,0,1,-1,1,1,1,1,0,1,0,1,1,0,1,1,1,1,-1,1,1,1,1,0,1,1.0
173,9793,-1,-1,1,1,1,-1,1,-1,1,1,1,1,1,0,-1,-1,1,1,0,1,1,1,1,1,1,1,-1,-1,0,1,0.0
174,10993,1,-1,-1,1,-1,-1,-1,-1,1,1,1,-1,-1,-1,1,-1,1,-1,1,1,1,1,1,1,-1,0,-1,1,0,1,0.0
175,3356,1,-1,1,1,1,1,1,1,-1,-1,-1,1,1,0,0,-1,-1,1,0,-1,1,-1,1,1,-1,1,-1,-1,1,1,1.0
176,10975,-1,-1,1,1,1,-1,-1,-1,1,1,1,1,-1,-1,1,-1,1,1,0,1,1,1,1,1,1,0,-1,1,1,1,0.0
177,1861,1,-1,1,1,1,1,0,-1,-1,1,1,1,1,1,1,-1,1,1,0,1,1,1,1,1,1,1,-1,1,0,1,1.0
178,9791,-1,-1,1,-1,1,-1,-1,1,-1,1,1,-1,-1,1,0,-1,-1,-1,0,1,1,1,1,1,1,1,-1,1,0,1,1.0
179,2354,-1,1,-1,1,-1,-1,0,0,-1,1,1,-1,1,-1,1,1,1,-1,1,1,1,1,1,1,-1,1,-1,1,1,1,0.0
180,9283,-1,1,1,-1,1,-1,0,1,-1,-1,1,1,1,0,1,-1,1,-1,0,-1,1,-1,1,1,1,1,1,1,-1,1,0.0
181,5975,-1,-1,1,-1,1,-1,-1,-1,1,-1,-1,1,-1,-1,-1,-1,-1,1,0,-1,-1,-1,-1,-1,1,0,1,1,0,1,0.0
182,9645,1,-1,1,1,1,-1,0,1,1,1,1,1,1,-1,-1,-1,1,1,0,1,1,1,1,1,1,0,-1,1,0,1,0.0
183,7718,-1,1,-1,-1,-1,-1,0,1,-1,1,1,-1,1,0,0,-1,1,-1,0,1,1,1,1,1,-1,1,1,-1,1,1,1.0
184,2443,1,-1,1,-1,1,-1,0,0,1,1,1,1,-1,-1,0,-1,1,1,0,1,1,1,1,1,-1,-1,-1,1,1,1,0.0
185,5880,1,-1,1,1,1,-1,0,0,1,-1,1,-1,-1,-1,0,-1,1,1,0,-1,1,-1,1,-1,1,-1,-1,1,1,-1,0.0
186,5353,-1,1,1,-1,1,1,1,1,-1,-1,-1,1,1,1,1,1,-1,1,0,-1,1,-1,-1,1,1,1,1,1,1,1,1.0
187,1629,1,-1,1,1,1,-1,0,1,-1,1,1,1,1,0,0,-1,1,1,0,1,1,1,1,-1,1,1,-1,1,0,1,1.0
188,818,1,-1,1,1,1,1,-1,1,-1,-1,-1,1,1,1,1,-1,-1,1,0,-1,-1,-1,-1,1,1,1,-1,1,1,-1,1.0
189,9158,1,-1,1,1,1,-1,1,1,1,1,1,1,-1,0,1,-1,1,1,0,1,1,1,1,-1,1,1,-1,1,0,1,1.0
190,101,1,-1,1,1,1,-1,-1,-1,-1,1,1,-1,1,0,-1,-1,1,1,0,1,1,1,1,-1,-1,0,-1,1,0,1,0.0
191,785,1,-1,1,1,1,-1,0,-1,-1,-1,-1,1,1,-1,0,-1,-1,1,0,-1,1,-1,-1,-1,-1,-1,-1,1,0,-1,0.0
192,6209,1,-1,-1,1,-1,-1,0,-1,1,1,1,-1,-1,-1,-1,-1,1,-1,1,1,1,1,1,-1,-1,-1,1,-1,0,1,0.0
193,7104,-1,-1,-1,1,-1,-1,1,1,1,1,1,-1,-1,0,1,-1,1,-1,0,1,1,1,1,-1,-1,-1,1,-1,0,1,1.0
194,8341,1,-1,1,1,1,1,1,1,-1,-1,1,1,1,1,0,-1,1,1,0,1,1,-1,1,-1,1,-1,-1,1,0,1,1.0
195,7644,1,1,1,-1,1,-1,-1,-1,-1,1,1,1,1,-1,0,0,1,1,0,1,1,1,1,1,1,-1,-1,1,0,1,0.0
196,2593,1,-1,1,1,1,-1,0,-1,1,1,1,1,-1,-1,-1,-1,1,1,0,1,1,1,1,-1,-1,-1,-1,1,0,1,0.0
197,9371,1,-1,1,1,1,-1,1,1,-1,1,1,1,1,1,0,1,1,1,0,1,1,1,1,-1,1,0,-1,1,0,1,1.0
198,6740,-1,1,-1,1,-1,1,1,1,-1,1,1,-1,1,0,0,-1,1,-1,0,1,1,1,1,1,-1,1,1,-1,1,1,1.0
199,2904,1,-1,1,1,1,-1,1,1,-1,-1,-1,1,-1,0,1,-1,-1,1,0,1,1,-1,1,1,-1,1,1,1,1,1,1.0
200,5770,-1,-1,1,1,1,-1,0,-1,-1,1,1,1,1,0,-1,-1,1,1,0,1,1,1,1,-1,1,1,1,1,0,1,0.0
201,8943,1,1,1,1,1,1,0,1,-1,1,1,1,1,0,-1,-1,1,1,0,1,1,1,1,1,1,1,1,1,0,1,1.0
202,7393,-1,1,-1,-1,-1,1,0,-1,-1,1,1,-1,1,1,1,-1,1,-1,0,1,1,1,1,1,-1,1,-1,-1,1,1,1.0
203,7465,1,-1,1,1,1,-1,0,-1,1,1,1,1,-1,-1,-1,0,1,1,0,1,1,1,1,-1,1,0,1,1,0,1,0.0
204,8730,-1,-1,1,1,1,-1,1,-1,-1,1,1,1,1,-1,1,-1,1,1,0,1,1,1,1,1,1,0,-1,-1,0,1,0.0
205,685,1,-1,1,1,1,-1,1,1,1,1,1,1,-1,0,-1,-1,1,1,0,1,1,1,1,1,1,1,-1,-1,0,1,1.0
206,1406,1,-1,1,1,1,-1,0,-1,1,1,1,1,1,0,-1,-1,1,1,0,1,1,1,1,-1,-1,1,-1,1,1,1,0.0
207,1188,1,-1,1,1,1,-1,0,1,-1,-1,-1,1,1,0,1,-1,-1,1,0,-1,-1,-1,-1,-1,-1,1,-1,1,1,-1,1.0
208,10932,-1,-1,-1,-1,-1,-1,0,1,-1,-1,1,-1,1,-1,1,-1,1,-1,1,1,1,-1,1,1,-1,1,-1,1,1,1,0.0
209,8687,-1,-1,1,-1,1,-1,1,1,-1,-1,-1,1,1,0,0,1,-1,1,0,-1,1,-1,-1,-1,1,1,-1,-1,1,1,1.0
210,1014,1,-1,1,1,1,-1,1,1,-1,1,1,1,1,0,0,-1,1,1,0,1,1,1,1,-1,-1,0,-1,1,0,1,1.0
211,7479,-1,-1,1,1,1,-1,1,1,-1,-1,1,1,1,0,-1,1,1,1,0,-1,1,-1,1,-1,1,1,1,1,0,1,1.0
212,2351,-1,-1,-1,1,-1,-1,-1,-1,-1,1,1,-1,-1,-1,1,-1,1,-1,1,1,1,1,1,-1,1,-1,-1,1,0,1,0.0
213,2357,1,-1,1,1,1,-1,0,1,-1,-1,-1,1,1,0,0,-1,-1,1,0,-1,-1,-1,-1,-1,-1,1,-1,1,1,-1,1.0
214,6390,1,-1,1,-1,1,-1,1,0,1,-1,-1,1,-1,0,0,0,-1,1,1,-1,-1,-1,-1,-1,1,-1,-1,1,0,1,0.0
215,1902,1,-1,1,1,1,-1,-1,-1,-1,-1,-1,1,1,0,-1,-1,-1,1,0,1,1,-1,1,-1,-1,0,-1,-1,0,-1,0.0
216,10645,-1,-1,1,1,1,-1,0,1,1,1,1,1,1,-1,-1,-1,1,1,0,1,1,1,1,1,1,1,-1,1,0,1,0.0
217,6636,1,1,1,1,1,-1,1,1,-1,1,1,1,1,1,0,-1,1,1,0,1,1,1,1,1,1,1,-1,1,0,1,1.0
218,5468,1,-1,1,1,1,-1,0,-1,1,1,1,1,-1,1,1,-1,1,1,0,1,1,1,1,-1,1,0,-1,1,0,-1,0.0
219,3001,1,-1,1,-1,1,-1,-1,1,-1,1,1,1,1,1,1,-1,1,1,0,1,1,1,1,1,1,1,-1,1,0,1,1.0
220,10844,-1,-1,1,1,1,-1,0,1,1,1,1,1,1,0,0,-1,1,1,0,1,1,1,1,1,1,1,-1,1,1,1,1.0
221,1405,1,-1,1,1,1,-1,-1,-1,1,1,1,1,-1,0,1,-1,1,1,0,1,1,1,1,1,-1,1,-1,-1,1,1,0.0
222,1183,1,1,1,-1,1,-1,-1,1,-1,1,1,1,1,0,1,1,1,1,0,1,1,1,1,1,1,1,1,1,0,1,1.0
223,5513,-1,1,-1,1,1,1,1,1,-1,1,1,-1,1,0,1,-1,1,1,0,1,1,1,1,1,1,1,-1,1,-1,1,1.0
224,2311,1,-1,1,1,1,-1,-1,-1,-1,-1,-1,1,-1,-1,0,-1,-1,1,0,-1,-1,-1,-1,-1,1,0,-1,1,0,-1,0.0
225,7633,1,-1,-1,-1,1,-1,-1,1,-1,1,1,1,-1,0,1,1,1,1,1,1,1,1,1,-1,1,1,1,1,0,1,1.0
226,7171,-1,-1,-1,1,-1,-1,1,1,-1,1,1,-1,1,1,0,-1,1,-1,0,1,1,1,1,-1,-1,1,-1,-1,1,1,1.0
227,10387,-1,-1,1,1,1,-1,1,1,-1,-1,1,1,1,1,0,-1,1,1,0,1,1,-1,1,1,1,1,-1,1,1,1,1.0
228,1954,1,-1,1,1,1,-1,1,1,1,1,1,1,-1,0,-1,-1,1,1,0,1,1,1,1,1,1,-1,-1,1,0,1,1.0
229,5616,-1,-1,1,1,1,-1,0,0,1,1,1,1,-1,-1,-1,-1,1,1,0,1,1,1,1,-1,1,0,-1,1,0,1,0.0
230,5490,1,-1,1,1,1,1,1,1,-1,1,1,1,1,1,-1,-1,1,1,0,1,1,-1,1,-1,1,1,1,1,0,1,1.0
231,4382,1,-1,1,1,1,-1,0,1,-1,1,1,1,1,0,-1,-1,1,1,0,1,1,1,1,1,-1,1,-1,1,1,1,0.0
232,10233,-1,-1,1,1,1,-1,1,0,1,1,1,1,1,0,-1,-1,1,1,0,1,1,1,1,1,1,0,-1,-1,0,1,0.0
233,5260,1,1,1,1,1,-1,1,1,-1,-1,1,1,1,0,-1,0,1,1,0,1,1,-1,1,1,1,1,1,1,1,1,1.0
234,8528,-1,1,1,1,1,-1,-1,-1,-1,1,1,1,1,-1,1,-1,1,1,0,1,1,1,1,1,1,0,1,1,0,-1,0.0
235,7905,1,-1,1,-1,1,-1,0,-1,-1,-1,-1,1,1,-1,0,-1,-1,1,1,1,1,1,1,-1,1,1,1,1,0,1,0.0
236,10690,1,-1,1,1,1,1,0,1,-1,1,1,1,1,0,-1,-1,1,1,0,1,1,1,1,-1,1,0,-1,1,0,1,1.0
237,1544,1,-1,1,1,1,-1,-1,-1,1,1,1,1,-1,-1,0,-1,1,1,0,1,1,1,1,-1,-1,0,-1,1,0,1,0.0
238,4106,1,-1,1,1,1,-1,-1,-1,1,1,1,1,-1,-1,-1,-1,1,1,0,1,1,1,1,-1,-1,-1,-1,-1,1,1,0.0
239,9797,1,-1,1,1,1,-1,1,1,-1,1,1,1,1,1,1,-1,1,1,0,1,1,1,1,1,1,1,-1,1,0,-1,1.0
240,4623,-1,-1,-1,1,-1,1,-1,1,-1,1,1,-1,1,0,0,-1,1,-1,1,1,1,1,1,-1,-1,1,-1,1,1,1,1.0
241,120,1,-1,1,1,1,-1,1,1,-1,-1,-1,1,1,1,-1,-1,-1,1,0,-1,1,-1,1,1,1,1,1,1,0,1,1.0
242,3928,1,-1,1,1,1,1,-1,1,-1,1,1,1,1,0,0,-1,1,1,0,1,1,1,1,1,1,1,1,1,1,1,1.0
243,7642,1,-1,1,1,1,1,-1,1,1,1,1,1,-1,0,1,-1,1,1,0,1,1,1,1,-1,1,-1,-1,1,1,1,1.0
244,9975,-1,-1,1,1,1,-1,-1,0,1,1,1,1,-1,-1,0,-1,1,1,0,1,1,1,1,1,1,0,-1,1,0,1,0.0
245,3833,1,-1,1,1,1,-1,0,0,-1,-1,-1,1,-1,-1,-1,-1,-1,1,0,-1,-1,-1,-1,1,-1,1,-1,1,1,-1,0.0
246,8610,-1,-1,1,1,1,-1,-1,0,1,1,1,1,-1,-1,0,-1,1,1,0,1,1,1,1,1,1,1,-1,1,1,1,0.0
247,7503,-1,-1,-1,-1,-1,-1,0,0,1,-1,-1,-1,-1,-1,1,-1,-1,-1,0,-1,-1,-1,-1,-1,-1,0,-1,-1,1,1,0.0
248,4952,1,-1,1,1,1,-1,0,0,1,1,1,1,-1,-1,1,-1,1,1,0,1,1,1,1,1,-1,-1,-1,-1,1,1,0.0
249,2806,1,-1,1,1,1,-1,-1,-1,1,1,1,1,1,0,0,-1,1,1,0,1,1,1,1,-1,1,-1,1,-1,0,1,0.0
250,776,1,-1,1,1,1,-1,0,0,1,1,1,1,-1,1,-1,-1,1,1,0,1,1,1,1,1,-1,-1,-1,-1,1,1,0.0
251,8916,1,-1,1,-1,1,-1,1,-1,-1,-1,-1,1,1,-1,0,-1,-1,1,0,-1,-1,-1,-1,1,1,0,-1,1,0,1,0.0
252,1205,1,-1,1,1,1,-1,-1,-1,1,1,1,1,-1,0,-1,-1,1,1,0,1,1,1,1,-1,-1,1,-1,1,1,1,0.0
253,4059,1,-1,1,1,1,1,0,1,-1,1,1,1,1,1,0,-1,1,1,0,1,1,1,1,-1,-1,1,1,-1,0,1,1.0
254,5938,-1,1,-1,1,-1,-1,0,-1,-1,1,1,-1,1,0,-1,-1,1,1,0,1,1,1,1,1,-1,0,-1,-1,1,1,0.0
255,366,-1,-1,-1,1,-1,-1,-1,1,-1,1,1,-1,1,0,-1,-1,1,-1,1,1,1,1,1,1,-1,1,-1,1,1,-1,1.0
256,9375,-1,-1,1,1,1,-1,0,-1,1,1,1,1,-1,-1,-1,-1,1,1,0,1,1,1,1,1,1,1,-1,1,1,-1,0.0
257,10741,1,1,1,1,1,-1,1,1,-1,1,1,1,1,0,1,1,1,1,0,1,1,1,1,1,1,-1,1,1,0,1,1.0
258,9000,1,-1,1,1,1,-1,1,-1,1,1,1,1,-1,0,0,-1,1,1,0,1,1,1,1,1,1,-1,-1,1,0,1,0.0
259,5645,1,-1,1,1,1,-1,1,1,-1,1,1,1,1,0,-1,-1,1,1,0,1,1,1,1,-1,1,0,1,1,0,1,1.0
260,2964,1,-1,1,1,1,-1,1,1,-1,1,1,1,1,0,-1,-1,1,1,0,1,1,1,1,1,-1,0,-1,1,0,1,0.0
261,9494,1,-1,1,1,1,-1,1,1,1,1,1,1,-1,-1,-1,-1,1,1,0,1,1,1,1,1,1,1,-1,1,0,1,0.0
262,3239,1,1,-1,1,1,-1,1,-1,-1,1,1,1,1,-1,-1,-1,-1,-1,0,1,1,1,1,-1,-1,-1,-1,-1,0,-1,0.0
263,6077,1,-1,1,-1,1,-1,0,1,-1,-1,-1,1,1,0,-1,-1,-1,1,0,-1,-1,-1,-1,-1,1,1,-1,1,0,1,1.0
264,9041,-1,0,1,1,1,-1,0,-1,1,-1,1,1,-1,-1,0,-1,1,1,0,-1,1,-1,1,1,1,1,-1,1,0,1,0.0
265,7026,1,-1,1,-1,1,-1,0,-1,-1,-1,-1,1,1,-1,1,-1,-1,1,0,-1,-1,-1,-1,-1,1,-1,-1,1,0,1,0.0
266,3810,1,1,1,1,1,-1,-1,1,-1,1,1,1,1,0,0,1,1,1,0,1,1,1,1,-1,1,1,-1,1,0,1,1.0
267,10459,-1,-1,1,1,1,-1,1,-1,-1,1,1,1,1,0,-1,-1,-1,1,0,1,1,1,1,1,1,0,-1,-1,-1,1,0.0
268,962,1,-1,1,1,1,-1,-1,-1,-1,1,1,1,1,0,0,-1,1,1,0,1,1,1,1,1,1,0,-1,-1,0,1,0.0
269,5947,1,-1,1,1,1,-1,0,-1,1,1,1,1,-1,0,-1,-1,1,1,0,1,1,1,1,-1,1,1,1,1,0,1,0.0
270,7180,-1,-1,1,1,1,-1,1,0,1,1,1,1,1,-1,-1,-1,1,1,0,1,1,1,1,-1,1,-1,-1,1,0,1,0.0
271,991,1,-1,1,1,1,-1,1,1,-1,1,1,1,-1,0,0,-1,1,1,0,1,1,1,1,1,1,1,-1,1,0,1,1.0
272,2171,1,-1,1,1,1,-1,0,0,1,1,1,1,-1,0,0,-1,1,1,0,1,1,1,1,1,-1,-1,1,1,1,1,0.0
273,4486,1,-1,1,1,1,-1,-1,1,1,1,1,1,-1,0,0,-1,1,1,0,1,1,1,1,-1,1,-1,-1,1,0,1,1.0
274,9851,1,-1,1,1,1,-1,1,1,1,1,1,1,-1,0,0,-1,1,1,0,1,1,1,1,1,1,1,-1,1,0,1,1.0
275,7395,-1,-1,1,-1,1,1,1,1,-1,-1,1,1,1,0,1,-1,1,-1,0,1,1,-1,1,-1,1,1,-1,1,1,1,1.0
276,7738,-1,-1,1,1,1,-1,0,1,1,1,1,1,1,-1,-1,-1,1,1,0,1,1,1,1,-1,1,0,1,1,0,1,0.0
277,3505,1,-1,1,1,-1,-1,-1,0,1,1,1,1,-1,0,-1,-1,1,1,1,1,1,1,1,-1,1,0,-1,-1,1,1,0.0
278,7942,1,1,1,1,1,-1,0,1,-1,1,1,1,1,1,1,1,1,1,1,1,1,1,1,1,1,1,-1,1,0,1,1.0
279,2193,1,-1,1,1,1,-1,0,1,1,1,1,1,-1,0,-1,-1,1,1,0,1,1,1,1,-1,1,1,-1,1,0,1,1.0
280,1241,-1,1,-1,1,-1,-1,0,0,1,1,1,-1,-1,-1,1,-1,1,1,0,-1,1,-1,1,1,-1,-1,-1,-1,0,1,0.0
281,5797,-1,-1,1,1,1,-1,1,1,-1,-1,1,1,1,0,-1,0,1,1,1,-1,1,-1,1,-1,1,1,1,1,1,1,1.0
282,1305,1,-1,1,1,-1,1,0,1,1,-1,-1,-1,-1,0,1,-1,-1,-1,1,-1,1,-1,1,-1,-1,1,1,1,0,-1,1.0
283,909,1,-1,1,1,1,1,0,1,-1,1,1,1,1,1,-1,-1,1,1,0,1,1,1,1,-1,1,0,-1,1,0,1,1.0
284,3302,1,-1,1,1,1,-1,-1,1,-1,1,1,-1,1,0,1,-1,1,1,0,1,1,1,1,-1,-1,-1,-1,1,0,1,1.0
285,1062,1,-1,1,1,1,1,-1,1,1,1,1,1,-1,0,1,-1,1,1,0,1,1,1,1,1,1,1,-1,1,0,1,1.0
286,5648,1,1,1,1,1,-1,-1,1,-1,1,1,1,1,1,0,0,1,1,0,1,1,1,1,1,1,1,-1,1,0,1,1.0
287,2314,1,-1,1,1,1,-1,-1,-1,-1,-1,-1,1,1,1,-1,-1,-1,1,0,-1,-1,-1,-1,-1,-1,1,-1,1,1,-1,0.0
288,10724,-1,-1,1,1,1,-1,-1,-1,1,1,1,1,-1,-1,-1,-1,1,1,0,1,1,1,1,-1,1,1,-1,1,0,1,0.0
289,2381,1,-1,1,-1,1,-1,-1,1,-1,1,1,1,1,1,1,-1,1,1,0,1,1,1,1,-1,1,1,1,1,0,1,1.0
290,7950,-1,1,-1,1,-1,-1,0,0,-1,1,1,-1,1,-1,1,0,1,-1,0,1,1,1,1,1,-1,1,-1,-1,1,1,0.0
291,613,1,-1,1,1,1,-1,-1,-1,-1,1,1,1,1,-1,0,-1,1,1,0,1,1,1,1,-1,1,-1,-1,1,0,1,0.0
292,4107,1,-1,1,1,1,-1,0,0,-1,1,1,1,1,-1,0,-1,1,1,0,1,1,1,1,1,-1,-1,-1,-1,0,1,0.0
293,8438,-1,-1,1,-1,1,-1,1,1,-1,-1,-1,1,1,0,-1,1,-1,1,0,1,-1,-1,-1,1,1,-1,1,1,1,1,1.0
294,867,-1,-1,-1,1,-1,-1,0,1,1,1,1,-1,-1,1,1,-1,1,-1,1,1,1,1,1,1,-1,1,-1,1,1,1,1.0
295,9443,-1,-1,1,1,1,-1,0,1,1,1,1,1,-1,0,0,-1,1,1,0,1,1,1,1,1,1,-1,-1,1,1,1,1.0
296,10513,-1,1,1,-1,1,-1,0,1,-1,1,1,1,-1,0,1,-1,1,-1,0,-1,1,-1,1,1,1,1,-1,-1,-1,-1,0.0
297,10161,1,-1,1,1,1,-1,0,1,-1,1,1,1,-1,1,-1,1,1,1,0,1,1,1,1,1,1,0,-1,1,0,1,1.0
298,87,1,-1,1,1,-1,-1,1,-1,-1,-1,-1,-1,1,0,-1,-1,-1,-1,0,-1,1,-1,1,1,-1,0,-1,1,-1,-1,0.0
299,6573,-1,-1,1,1,1,-1,1,1,-1,1,1,1,1,0,0,-1,1,1,0,1,1,1,1,-1,1,1,1,1,0,1,1.0
300,9228,1,-1,-1,1,-1,-1,-1,-1,1,1,1,-1,-1,-1,-1,-1,1,-1,1,1,1,1,1,1,-1,1,-1,-1,0,1,0.0
301,7865,-1,-1,1,1,1,-1,0,0,1,1,1,1,-1,-1,-1,-1,1,1,0,1,1,1,1,-1,1,-1,-1,1,1,1,0.0
302,2283,1,-1,1,1,1,-1,0,-1,1,1,1,1,1,-1,0,-1,1,1,0,1,1,1,1,-1,1,-1,-1,1,0,1,0.0
303,8959,-1,-1,1,1,1,-1,-1,1,1,1,1,1,-1,0,1,-1,-1,1,0,1,1,1,1,1,1,0,-1,1,1,1,1.0
304,10449,-1,-1,-1,1,-1,-1,1,1,1,1,1,-1,-1,1,1,-1,1,-1,1,1,1,1,1,1,-1,0,-1,1,1,1,1.0
305,1783,1,-1,1,-1,1,-1,1,1,-1,1,1,1,1,1,1,-1,1,1,0,1,1,1,1,1,1,1,-1,1,0,1,1.0
306,4077,1,-1,1,1,-1,-1,-1,1,-1,1,1,1,-1,0,-1,-1,1,1,1,1,1,1,1,-1,-1,1,-1,-1,0,1,0.0
307,6938,1,-1,1,1,1,-1,0,-1,-1,1,1,1,-1,-1,-1,-1,1,1,1,1,1,1,1,-1,1,0,-1,1,0,1,0.0
308,10565,1,1,1,1,1,-1,1,1,-1,1,1,1,1,0,-1,-1,1,1,0,1,1,1,1,-1,1,0,1,1,0,1,1.0
309,3773,1,-1,1,1,1,-1,-1,-1,-1,1,1,1,1,0,-1,-1,1,1,0,1,1,1,1,-1,-1,0,-1,1,0,1,0.0
310,9674,1,-1,1,1,1,-1,0,1,-1,1,1,1,-1,0,0,-1,1,1,0,1,1,1,1,1,1,-1,-1,1,0,1,1.0
311,4900,1,-1,1,1,1,1,1,1,-1,1,1,1,1,1,1,-1,1,1,0,1,1,1,1,1,1,1,-1,1,0,1,1.0
312,1593,1,-1,1,1,1,-1,0,1,-1,1,1,1,1,0,0,-1,1,1,0,1,1,1,1,1,-1,1,-1,1,1,1,1.0
313,1611,1,-1,1,1,1,-1,-1,-1,-1,-1,1,1,-1,-1,-1,-1,1,1,0,1,1,-1,1,-1,-1,1,-1,1,1,1,0.0
314,7232,1,-1,-1,1,-1,-1,0,0,1,1,1,-1,-1,-1,-1,-1,1,-1,0,1,1,1,1,-1,-1,-1,-1,-1,0,1,0.0
315,3504,1,-1,1,-1,1,-1,-1,-1,1,1,1,1,-1,-1,-1,-1,1,1,0,1,1,1,1,-1,1,-1,-1,-1,0,-1,0.0
316,7837,1,-1,1,1,1,-1,0,1,-1,1,1,1,-1,0,0,1,1,1,0,1,1,1,1,-1,1,1,1,1,0,1,1.0
317,2508,1,-1,1,1,1,1,0,1,-1,1,1,1,1,1,0,-1,1,1,0,1,1,1,1,-1,-1,1,-1,1,0,-1,1.0
318,6400,1,-1,1,1,1,-1,0,1,-1,1,1,1,1,1,0,-1,1,1,0,1,1,1,1,-1,1,0,-1,1,0,1,1.0
319,8143,-1,1,1,1,1,-1,1,1,-1,1,1,1,1,0,0,1,1,1,0,1,1,1,1,1,1,1,-1,1,0,1,1.0
320,6305,1,-1,1,-1,1,-1,0,1,-1,-1,-1,1,1,1,-1,1,-1,1,0,-1,1,-1,-1,-1,1,1,-1,1,0,1,1.0
321,10241,-1,-1,1,-1,1,-1,0,0,-1,-1,-1,1,-1,-1,0,-1,-1,1,0,1,1,-1,1,1,1,1,-1,1,0,1,0.0
322,6691,-1,1,-1,-1,-1,1,0,1,-1,1,1,-1,1,0,-1,-1,1,-1,0,1,1,1,1,1,-1,1,-1,-1,1,1,1.0
323,5214,-1,1,1,1,1,-1,0,-1,-1,1,1,1,-1,-1,-1,-1,1,1,0,1,1,1,1,1,1,-1,1,1,0,1,0.0
324,8546,-1,1,1,1,1,-1,-1,-1,-1,1,1,1,1,-1,-1,-1,1,1,0,1,1,1,1,1,1,1,1,1,0,1,0.0
325,5763,1,1,1,-1,1,-1,-1,1,-1,-1,-1,1,1,0,0,0,-1,1,0,1,1,-1,1,1,1,1,1,1,0,1,1.0
326,9095,1,1,1,1,1,-1,1,1,-1,1,1,1,1,0,0,0,1,1,0,1,1,1,1,-1,1,0,1,1,0,1,1.0
327,3290,1,-1,1,1,1,-1,1,1,-1,-1,1,1,1,0,1,-1,1,1,0,1,1,-1,-1,1,-1,0,-1,1,1,1,1.0
328,4937,1,-1,-1,1,1,-1,-1,1,-1,-1,-1,1,1,1,0,-1,-1,1,0,-1,-1,-1,-1,-1,1,1,-1,1,0,-1,1.0
329,11036,1,-1,1,1,1,-1,1,1,-1,1,1,1,1,0,1,-1,1,1,0,1,1,1,1,1,1,0,-1,1,0,1,1.0
330,7599,1,-1,1,-1,1,-1,0,1,-1,-1,-1,1,1,1,1,-1,1,-1,0,-1,1,-1,1,-1,1,1,-1,1,1,1,1.0
331,2190,1,-1,1,1,1,-1,-1,-1,-1,1,1,1,1,0,0,-1,1,1,0,1,1,1,1,1,1,0,-1,1,0,1,0.0
332,1926,1,-1,1,-1,1,1,-1,1,-1,1,1,1,1,1,1,-1,1,1,0,1,1,1,1,1,1,1,-1,1,0,1,1.0
333,2779,1,-1,1,1,1,-1,1,-1,-1,1,1,1,1,-1,1,-1,1,1,0,1,1,1,1,1,1,0,-1,1,0,1,0.0
334,6417,1,-1,1,1,1,1,0,1,-1,1,1,1,1,0,0,1,1,1,0,1,1,1,1,-1,1,1,1,1,0,1,1.0
335,502,1,1,1,1,1,1,0,1,-1,1,1,1,1,1,-1,1,1,1,0,1,1,1,1,-1,1,1,1,1,1,1,1.0
336,631,1,-1,1,1,1,-1,1,1,1,1,1,1,1,1,0,-1,1,1,0,1,1,1,1,1,1,1,-1,1,0,1,1.0
337,7732,-1,-1,1,-1,1,-1,0,-1,-1,1,1,1,-1,-1,-1,-1,1,1,1,1,1,1,1,-1,1,-1,-1,1,0,1,0.0
338,7496,1,-1,1,1,1,-1,1,1,-1,1,1,1,-1,1,0,1,1,1,0,1,1,1,1,-1,1,1,1,1,0,1,1.0
339,1200,1,-1,1,1,1,-1,-1,-1,1,1,1,1,-1,0,-1,-1,1,1,0,1,1,1,1,-1,-1,1,-1,1,1,1,0.0
340,10631,1,-1,1,1,1,-1,-1,0,1,1,1,1,-1,-1,-1,-1,1,1,0,1,1,1,1,1,1,0,-1,1,0,-1,0.0
341,9727,-1,-1,-1,-1,-1,-1,0,1,1,-1,1,-1,-1,0,1,-1,1,-1,1,1,1,-1,1,1,-1,1,-1,1,1,1,1.0
342,5036,1,-1,1,1,1,1,-1,1,-1,-1,-1,1,-1,1,1,-1,-1,1,0,-1,-1,-1,-1,1,-1,1,-1,1,1,-1,1.0
343,8297,-1,-1,1,-1,1,-1,1,1,-1,-1,-1,-1,-1,0,0,0,-1,1,0,1,1,-1,1,1,1,-1,-1,1,1,1,1.0
344,5307,1,-1,1,1,1,-1,0,-1,-1,1,1,1,1,1,0,-1,1,1,0,1,1,1,1,-1,1,1,1,1,0,1,1.0
345,5193,-1,1,1,1,1,1,0,1,-1,1,1,1,1,0,0,1,1,1,0,1,1,1,1,-1,1,1,1,1,0,1,1.0
346,11005,-1,1,1,1,-1,-1,1,1,-1,-1,1,-1,1,0,1,-1,1,1,0,-1,1,-1,1,1,1,-1,1,1,0,1,1.0
347,8145,-1,-1,1,1,1,-1,1,1,-1,-1,-1,1,-1,1,0,-1,-1,1,0,1,1,-1,-1,-1,1,1,1,1,0,1,1.0
348,236,1,-1,1,1,1,-1,-1,1,1,1,1,1,-1,0,0,-1,1,1,0,1,1,1,1,-1,1,-1,-1,1,0,1,1.0
349,4029,1,-1,1,1,1,-1,-1,-1,-1,-1,-1,1,-1,-1,0,-1,-1,1,0,1,1,-1,1,-1,-1,-1,-1,1,0,-1,0.0
350,6663,-1,-1,1,1,1,-1,0,1,1,1,1,1,-1,-1,-1,-1,1,1,0,1,1,1,1,-1,1,-1,1,1,1,1,0.0
351,6117,1,-1,1,1,1,-1,1,1,-1,1,1,1,1,0,0,1,1,1,0,1,1,1,1,-1,1,1,1,1,0,1,1.0
352,10959,-1,-1,1,1,1,-1,0,-1,-1,1,1,-1,-1,0,-1,-1,1,1,0,1,1,1,1,1,1,1,-1,1,0,1,0.0
353,10714,-1,-1,-1,1,-1,1,1,1,-1,1,1,-1,1,1,1,-1,1,-1,1,1,1,1,1,1,-1,1,-1,1,1,1,1.0
354,3526,1,-1,1,1,1,-1,-1,1,-1,1,1,1,1,0,1,-1,-1,1,0,1,1,1,1,1,1,1,-1,1,-1,1,1.0
355,6685,-1,-1,1,1,1,-1,0,-1,1,1,1,1,-1,0,-1,-1,1,1,0,1,1,1,1,-1,1,0,-1,1,1,1,0.0
356,9999,-1,-1,1,1,1,-1,1,-1,-1,1,1,1,1,1,0,-1,1,1,0,1,1,1,1,1,1,0,-1,1,0,1,1.0
357,3293,1,-1,1,1,1,-1,-1,1,-1,1,1,1,1,0,-1,-1,1,1,0,1,1,1,1,1,1,0,-1,1,1,1,1.0
358,2946,1,-1,1,1,1,-1,0,1,1,1,1,1,-1,-1,-1,-1,1,1,0,1,1,1,1,-1,-1,0,-1,1,0,1,0.0
359,2713,1,-1,1,1,1,-1,0,-1,1,-1,1,1,-1,-1,0,-1,1,-1,0,1,1,-1,1,-1,-1,0,-1,1,1,-1,0.0
360,9002,1,-1,1,1,1,-1,0,-1,-1,1,1,1,1,-1,-1,-1,1,1,0,1,1,1,1,1,1,1,-1,1,0,1,0.0
361,9165,1,-1,1,1,1,-1,-1,-1,1,1,1,1,-1,-1,0,-1,1,1,0,1,1,1,1,1,1,1,-1,-1,0,-1,0.0
362,2307,1,-1,1,1,1,-1,0,-1,1,1,1,1,-1,-1,0,-1,1,1,0,1,1,1,1,-1,1,-1,-1,1,0,1,0.0
363,8319,1,-1,1,1,1,-1,1,1,-1,1,1,1,-1,0,-1,0,1,1,0,1,1,1,1,1,-1,-1,-1,1,0,1,1.0
364,7969,1,-1,1,1,1,-1,1,1,-1,1,1,1,1,0,0,-1,1,1,0,1,1,1,1,-1,1,0,1,1,0,1,1.0
365,3974,1,1,1,-1,1,-1,0,0,1,1,1,1,-1,-1,0,1,1,1,0,1,1,1,1,1,1,-1,-1,1,0,1,0.0
366,1822,1,1,1,-1,1,-1,1,1,-1,1,1,1,-1,0,1,1,1,1,0,1,1,1,1,1,1,1,1,1,0,1,1.0
367,6779,1,-1,1,1,1,-1,1,1,-1,1,1,1,1,0,1,1,1,1,0,1,1,1,1,-1,1,1,1,1,0,-1,1.0
368,1495,1,-1,1,1,1,-1,-1,-1,-1,1,1,1,1,0,0,-1,-1,1,0,1,1,1,1,-1,-1,1,-1,1,0,1,0.0
369,2216,1,-1,1,1,1,-1,0,1,-1,1,1,1,1,0,-1,-1,1,1,0,1,1,1,1,-1,-1,1,1,1,1,1,1.0
370,1845,1,-1,1,1,1,-1,-1,-1,-1,1,1,1,-1,0,-1,-1,1,1,0,1,1,1,1,-1,-1,1,-1,-1,0,1,0.0
371,8870,1,-1,1,1,1,-1,1,1,-1,1,1,1,1,0,0,1,1,1,0,1,1,1,1,1,1,1,-1,1,0,1,1.0
372,5703,1,-1,1,1,1,1,1,1,-1,1,1,1,1,1,1,-1,1,1,0,1,1,1,1,-1,1,1,-1,1,0,-1,1.0
373,265,1,-1,1,1,1,-1,-1,-1,-1,1,1,-1,1,-1,-1,-1,-1,1,0,1,1,1,1,-1,-1,1,-1,1,0,1,0.0
374,7464,-1,1,1,-1,1,-1,1,1,-1,-1,-1,1,1,1,-1,-1,-1,1,0,1,1,-1,1,1,1,1,1,1,1,1,1.0
375,695,1,1,1,-1,1,-1,-1,-1,-1,1,1,1,1,-1,0,1,1,1,0,1,1,1,1,-1,-1,-1,-1,1,0,1,0.0
376,2059,1,1,1,-1,1,-1,-1,-1,-1,1,1,1,1,0,1,1,1,1,0,1,1,1,1,1,1,1,-1,1,0,1,0.0
377,7661,1,-1,1,1,1,1,0,1,-1,1,1,1,1,0,0,-1,1,1,0,1,1,1,1,-1,1,1,1,1,0,1,1.0
378,6217,-1,-1,1,1,1,-1,1,1,1,1,1,1,-1,1,1,1,1,1,0,1,1,1,1,-1,1,-1,1,1,1,1,1.0
379,2477,1,-1,1,1,1,-1,1,1,1,1,1,1,-1,0,0,-1,1,1,0,1,1,1,1,1,1,1,1,-1,0,1,1.0
380,4146,-1,1,-1,1,-1,-1,-1,-1,-1,1,1,-1,1,-1,-1,1,1,-1,1,1,1,1,1,-1,-1,1,-1,1,1,1,0.0
381,8249,1,-1,1,1,1,-1,-1,-1,1,1,1,1,1,0,-1,1,1,1,0,1,1,1,1,1,1,0,-1,1,0,1,0.0
382,7981,-1,-1,1,1,1,-1,1,1,1,-1,1,1,-1,0,0,1,1,1,0,1,1,-1,1,-1,1,0,1,1,1,1,1.0
383,9069,-1,-1,1,1,1,-1,-1,0,1,1,1,1,-1,1,-1,-1,1,1,0,1,1,1,1,1,1,1,-1,-1,1,1,0.0
384,8222,1,-1,1,1,1,-1,1,1,-1,1,1,1,1,1,0,-1,1,1,0,1,1,1,1,1,1,1,-1,1,0,1,1.0
385,11026,-1,1,1,1,1,-1,1,1,1,-1,1,1,-1,0,0,-1,1,1,0,-1,1,-1,1,1,1,1,1,-1,0,1,1.0
386,742,1,-1,1,1,1,-1,-1,-1,-1,1,1,1,1,0,0,-1,1,1,0,1,1,1,1,-1,1,0,-1,1,0,1,0.0
387,6534,1,-1,1,1,1,-1,1,1,1,-1,1,1,-1,1,0,-1,1,1,0,1,1,-1,1,-1,1,0,-1,1,0,1,1.0
388,2610,-1,-1,-1,1,-1,1,-1,1,-1,1,1,1,-1,0,0,-1,1,-1,0,1,1,1,1,1,-1,1,-1,1,0,-1,1.0
389,9348,-1,-1,-1,1,-1,1,1,1,-1,1,1,-1,1,0,0,-1,1,-1,1,1,1,1,1,1,-1,1,-1,1,1,1,1.0
390,2188,1,-1,1,1,1,-1,0,1,-1,1,1,1,1,0,0,-1,1,1,0,1,1,1,1,-1,1,1,-1,1,0,1,1.0
391,8216,1,-1,-1,-1,1,-1,0,1,-1,1,1,1,1,0,-1,-1,1,1,0,1,1,1,1,-1,1,-1,-1,1,0,1,1.0
392,5561,1,-1,1,-1,1,-1,1,-1,1,1,1,-1,-1,-1,-1,-1,-1,-1,0,1,1,1,1,-1,1,0,1,1,-1,1,0.0
393,8693,1,-1,1,1,1,1,-1,-1,1,1,1,1,-1,0,-1,-1,1,1,0,1,1,1,1,1,1,1,-1,1,1,1,1.0
394,5321,-1,0,-1,-1,1,-1,1,-1,1,1,1,1,-1,0,0,-1,-1,-1,0,1,1,1,1,-1,1,-1,1,1,0,-1,0.0
395,6470,1,-1,1,1,1,-1,0,-1,-1,1,1,1,1,-1,-1,-1,1,1,0,1,1,1,1,-1,1,1,-1,1,0,1,0.0
396,1578,1,-1,1,1,1,-1,0,1,-1,1,1,1,-1,0,-1,-1,1,1,0,1,1,1,1,-1,1,0,-1,1,0,1,1.0
397,1792,-1,-1,-1,1,-1,1,-1,1,-1,1,1,-1,1,0,0,-1,1,-1,1,1,1,1,1,1,-1,1,-1,1,1,1,1.0
398,2045,1,-1,1,1,1,-1,-1,-1,1,-1,-1,1,-1,0,0,-1,-1,1,0,-1,-1,-1,-1,-1,1,-1,-1,1,0,-1,0.0
399,8343,-1,-1,1,1,1,-1,1,-1,-1,1,1,1,-1,0,-1,-1,1,1,0,1,1,1,1,-1,1,0,-1,1,1,1,0.0
400,7814,-1,-1,1,1,1,-1,1,1,-1,-1,1,1,1,0,0,1,1,1,0,1,1,-1,1,-1,1,1,-1,1,1,1,1.0
401,9500,1,-1,-1,1,-1,-1,-1,-1,1,1,1,-1,-1,-1,-1,-1,1,-1,1,1,1,1,1,1,-1,0,-1,1,0,1,0.0
402,5553,1,-1,1,1,1,-1,0,-1,1,1,1,1,-1,0,-1,-1,1,1,1,1,1,1,1,-1,1,0,1,1,0,-1,0.0
403,5047,1,1,1,1,1,-1,1,1,-1,-1,1,-1,1,0,0,1,1,1,0,-1,1,-1,1,1,1,1,-1,1,-1,1,1.0
404,10180,-1,1,1,-1,1,1,1,1,1,-1,-1,1,-1,0,-1,1,-1,1,0,-1,-1,-1,-1,1,1,1,1,1,1,1,1.0
405,10272,1,1,1,-1,1,-1,1,1,1,1,1,1,-1,0,0,1,-1,-1,0,1,1,1,1,1,1,1,-1,1,-1,1,1.0
406,10271,1,1,1,1,1,-1,0,-1,-1,1,1,-1,1,0,0,-1,1,1,0,1,1,1,1,1,1,-1,-1,1,-1,1,1.0
407,2738,1,-1,1,1,1,-1,1,1,1,-1,-1,1,-1,0,0,-1,-1,1,0,-1,1,-1,-1,1,1,-1,-1,1,0,-1,1.0
408,1452,1,1,1,1,1,-1,0,0,-1,1,1,1,1,-1,-1,1,1,1,0,1,1,1,1,1,1,-1,-1,-1,0,1,0.0
409,9915,1,-1,1,1,1,1,0,-1,-1,1,1,1,1,1,-1,-1,1,1,0,1,1,1,1,-1,1,1,-1,1,0,1,1.0
410,10803,1,-1,1,1,1,1,0,1,-1,1,1,1,1,1,-1,1,1,1,0,1,1,1,1,1,1,1,-1,1,0,1,1.0
411,6277,-1,-1,1,-1,1,-1,0,-1,-1,1,1,1,1,-1,-1,-1,1,1,0,1,1,1,1,-1,1,1,1,1,0,1,0.0
412,6600,1,1,1,1,1,-1,1,0,-1,1,1,1,1,-1,0,-1,1,1,0,1,1,1,1,1,1,-1,-1,1,0,1,0.0
413,6954,-1,1,1,1,1,-1,0,1,-1,1,1,1,1,0,1,-1,1,1,0,1,1,-1,1,1,1,0,1,1,1,1,1.0
414,8305,-1,-1,1,-1,1,-1,0,0,-1,1,-1,-1,-1,1,0,0,-1,-1,0,-1,1,-1,1,1,1,1,-1,-1,0,1,0.0
415,6982,-1,-1,1,-1,1,-1,-1,1,-1,-1,-1,1,1,0,0,1,-1,1,0,-1,1,-1,-1,-1,1,1,1,1,1,1,1.0
416,4943,1,-1,1,-1,1,-1,0,0,-1,1,1,1,1,-1,0,-1,1,1,0,1,1,1,1,1,1,-1,-1,1,0,1,0.0
417,1248,1,1,1,1,1,-1,-1,1,-1,1,1,1,1,0,0,-1,-1,-1,0,-1,-1,-1,-1,1,1,0,-1,1,0,-1,1.0
418,2413,-1,-1,-1,1,-1,-1,0,0,1,-1,-1,-1,-1,-1,1,-1,-1,-1,1,-1,-1,-1,-1,1,-1,0,-1,1,1,-1,0.0
419,4816,1,-1,1,1,1,-1,1,-1,-1,1,1,-1,1,0,1,-1,1,1,0,1,1,1,1,1,1,0,-1,1,-1,1,0.0
420,3244,1,-1,1,1,1,-1,-1,-1,1,-1,-1,1,-1,-1,0,-1,-1,1,0,-1,-1,-1,-1,1,1,0,-1,1,0,-1,0.0
421,1337,1,-1,1,1,1,-1,0,1,-1,1,1,1,1,0,1,-1,-1,1,0,1,1,1,1,-1,-1,1,-1,1,-1,1,1.0
422,6259,-1,-1,1,-1,1,-1,0,0,1,-1,-1,1,-1,-1,1,-1,-1,1,0,1,1,-1,1,-1,1,-1,1,1,0,-1,0.0
423,4133,1,-1,1,1,-1,-1,1,1,-1,1,1,1,1,1,0,-1,1,1,1,1,1,1,1,1,1,1,1,1,-1,1,1.0
424,9984,-1,-1,1,1,1,-1,1,1,-1,-1,1,1,1,0,-1,-1,1,1,0,1,1,-1,1,1,1,1,-1,1,0,1,1.0
425,4772,1,-1,1,1,1,-1,-1,1,-1,1,1,1,-1,0,1,-1,1,1,0,1,1,1,1,1,1,1,1,1,0,1,1.0
426,1379,-1,1,-1,1,-1,-1,-1,1,-1,1,1,-1,1,1,-1,1,1,1,1,1,1,1,1,1,-1,1,1,1,-1,1,1.0
427,9653,1,-1,1,1,1,-1,1,1,-1,1,1,1,1,0,-1,-1,1,1,0,1,1,1,1,1,1,0,-1,1,0,1,1.0
428,7841,1,-1,1,1,1,-1,-1,1,-1,1,1,1,1,1,0,-1,1,1,0,1,1,1,1,-1,1,0,-1,1,0,1,1.0
429,2580,1,1,1,-1,1,-1,0,1,-1,1,1,1,1,0,1,1,1,1,0,1,1,1,1,-1,-1,1,1,1,0,1,1.0
430,5889,1,-1,1,1,1,-1,0,-1,-1,1,1,1,1,1,0,-1,1,1,0,1,1,1,1,-1,1,1,-1,1,0,1,1.0
431,6398,-1,-1,1,-1,1,-1,1,1,-1,-1,-1,1,1,0,1,1,-1,1,0,1,-1,-1,-1,-1,1,1,-1,1,1,1,1.0
432,1959,1,-1,1,1,1,-1,1,1,1,1,1,1,-1,0,-1,-1,1,1,0,1,1,1,1,1,1,-1,1,1,0,1,1.0
433,1274,1,1,1,1,1,-1,0,1,-1,-1,1,1,1,0,-1,1,1,1,0,-1,1,-1,1,-1,1,1,-1,1,0,1,1.0
434,7052,-1,-1,1,1,1,-1,0,1,-1,1,1,1,1,0,-1,0,1,1,0,1,1,1,1,-1,1,1,-1,1,1,1,1.0
435,3330,-1,1,-1,1,-1,-1,-1,1,-1,1,1,-1,1,1,-1,1,1,-1,1,1,1,1,1,1,-1,1,-1,1,1,1,1.0
436,269,1,-1,1,-1,1,1,1,1,-1,1,1,1,1,1,1,-1,1,1,0,1,1,1,1,1,1,1,-1,1,0,1,1.0
437,10523,1,-1,1,1,1,-1,0,-1,1,1,1,1,-1,-1,-1,1,1,-1,0,1,1,1,1,1,1,0,-1,1,0,-1,0.0
438,6281,1,-1,1,1,1,-1,1,1,-1,1,1,1,1,0,-1,1,1,1,0,1,1,1,1,-1,1,1,1,1,0,1,1.0
439,7451,1,1,1,1,1,-1,1,1,-1,1,1,1,1,0,0,0,1,1,0,1,1,1,1,1,1,1,-1,1,0,1,1.0
440,5562,-1,1,-1,1,-1,-1,1,0,-1,1,1,-1,1,-1,0,-1,1,1,0,1,1,1,1,1,-1,1,1,1,-1,1,0.0
441,770,1,-1,1,1,1,-1,-1,-1,1,1,1,1,1,0,-1,-1,1,1,0,1,1,1,1,-1,-1,1,-1,1,0,1,0.0
442,1173,1,-1,1,1,1,-1,-1,1,-1,1,1,1,1,0,0,-1,1,1,0,1,1,1,1,1,1,1,-1,1,0,1,1.0
443,3000,1,-1,1,1,1,-1,0,0,1,-1,-1,1,-1,-1,1,-1,-1,1,0,1,1,-1,1,1,1,-1,-1,-1,0,-1,0.0
444,3737,1,-1,1,1,1,-1,-1,-1,1,1,1,1,1,0,0,-1,1,1,0,1,1,1,1,-1,1,-1,-1,-1,0,1,0.0
445,7993,1,-1,1,1,1,-1,0,-1,1,1,1,1,-1,-1,-1,0,1,1,0,1,1,1,1,-1,1,-1,-1,1,0,1,0.0
446,290,1,-1,1,1,1,-1,0,-1,-1,-1,1,1,1,-1,1,-1,1,1,0,1,1,-1,1,-1,-1,-1,-1,1,0,1,0.0
447,2970,-1,-1,-1,1,-1,-1,0,-1,1,-1,1,-1,-1,-1,1,-1,1,-1,0,-1,1,-1,-1,-1,-1,-1,-1,-1,1,-1,0.0
448,1965,1,-1,1,1,1,-1,1,1,-1,1,1,1,1,0,0,-1,1,1,0,1,1,1,1,1,1,0,-1,1,0,1,0.0
449,3314,1,1,1,1,1,-1,0,1,-1,1,1,1,1,0,0,1,1,1,0,1,1,1,1,-1,-1,1,1,1,0,1,1.0
450,8624,1,-1,1,-1,1,-1,0,1,1,-1,-1,1,1,1,-1,-1,-1,1,0,-1,1,-1,-1,1,1,1,-1,-1,0,1,1.0
451,5386,-1,1,1,1,1,-1,1,-1,-1,1,1,1,1,1,1,-1,1,1,0,1,1,1,1,1,1,1,1,1,1,1,1.0
452,10550,1,-1,1,1,1,-1,1,1,1,1,1,1,-1,0,0,0,1,1,0,1,1,1,1,1,1,-1,-1,-1,0,1,1.0
453,10345,-1,-1,-1,-1,-1,-1,-1,0,-1,-1,-1,-1,-1,-1,1,-1,-1,-1,1,-1,1,-1,1,1,-1,0,-1,1,1,1,0.0
454,8182,1,1,1,-1,1,-1,0,1,-1,1,1,1,1,0,0,-1,1,-1,0,1,1,1,1,1,1,1,-1,1,0,1,1.0
455,7719,-1,-1,1,1,1,-1,1,1,-1,1,1,1,1,0,0,-1,1,1,0,1,1,1,1,-1,1,1,-1,1,1,1,1.0
456,7794,1,-1,1,1,1,-1,-1,-1,-1,1,1,1,1,0,1,-1,1,1,0,1,1,1,1,-1,1,1,-1,1,0,1,1.0
457,10814,1,-1,1,1,1,-1,0,-1,-1,1,1,1,1,0,-1,1,1,1,0,1,1,1,1,1,1,0,-1,1,0,1,0.0
458,8586,-1,-1,1,1,1,-1,1,1,-1,1,1,1,1,1,-1,-1,1,1,0,1,1,1,1,1,1,-1,-1,1,1,1,1.0
459,541,1,-1,1,1,1,-1,0,0,1,-1,-1,1,1,-1,0,-1,-1,1,0,1,1,-1,1,1,-1,0,-1,1,0,-1,0.0
460,5506,-1,-1,1,1,1,-1,0,0,-1,1,1,1,-1,-1,-1,-1,1,1,0,1,1,1,1,-1,1,-1,1,1,0,1,0.0
461,986,1,1,1,1,1,-1,-1,1,-1,1,1,1,1,0,1,1,1,1,0,1,1,1,1,1,-1,0,-1,-1,1,1,0.0
462,3,1,0,1,1,1,-1,-1,-1,-1,1,1,-1,1,0,-1,-1,-1,-1,0,1,1,1,1,1,-1,1,-1,1,0,-1,0.0
463,674,1,-1,1,1,1,-1,-1,-1,-1,-1,-1,1,1,0,-1,-1,-1,1,0,1,1,-1,1,-1,-1,0,-1,1,0,-1,0.0
464,10591,1,-1,1,-1,-1,-1,1,1,1,1,1,1,-1,1,1,1,1,1,0,1,1,1,1,1,1,1,-1,-1,0,1,1.0
465,10203,-1,-1,1,1,1,-1,0,1,-1,1,1,1,1,0,0,-1,1,1,0,1,1,1,1,1,1,-1,-1,1,1,1,1.0
466,7302,1,-1,1,1,1,-1,1,1,-1,1,1,1,1,0,-1,-1,1,1,0,1,1,1,1,-1,1,0,1,1,0,1,0.0
467,6572,-1,-1,1,-1,1,-1,-1,1,-1,-1,-1,1,1,0,1,0,-1,1,0,-1,-1,-1,-1,-1,1,1,-1,1,1,1,1.0
468,3562,1,-1,1,-1,1,-1,0,-1,1,1,1,1,1,0,-1,-1,1,1,0,1,1,1,1,-1,1,0,-1,1,0,1,0.0
469,9200,-1,-1,1,-1,1,-1,-1,-1,1,-1,-1,1,-1,-1,0,-1,-1,1,0,1,1,-1,1,1,1,1,-1,-1,0,1,0.0
470,9527,-1,-1,1,1,1,-1,-1,0,-1,1,1,1,1,0,-1,0,1,1,0,1,1,1,1,1,1,0,-1,-1,1,1,0.0
471,3491,1,-1,1,1,1,-1,1,1,1,1,1,1,1,1,0,-1,1,1,0,1,1,1,1,1,1,1,-1,1,0,1,1.0
472,40,1,-1,1,1,1,-1,0,-1,-1,1,1,-1,-1,1,0,-1,1,1,0,1,1,1,1,-1,-1,1,-1,1,0,1,1.0
473,6668,1,-1,-1,1,-1,-1,0,-1,-1,1,1,-1,-1,-1,-1,-1,1,-1,0,1,1,1,1,-1,-1,-1,-1,-1,0,1,0.0
474,5520,-1,1,1,-1,1,-1,1,1,-1,-1,-1,1,1,0,-1,0,-1,1,0,-1,-1,-1,-1,1,1,1,-1,1,1,1,1.0
475,9006,-1,-1,1,1,1,1,1,1,-1,1,1,1,1,0,-1,-1,1,1,0,1,1,1,1,1,1,-1,-1,1,1,1,1.0
476,5286,1,1,1,1,1,-1,1,-1,-1,1,1,1,1,0,1,-1,1,1,0,1,1,1,1,1,1,1,1,1,0,-1,1.0
477,827,1,-1,1,1,1,1,0,1,-1,1,1,1,1,1,0,-1,1,1,0,1,1,1,1,1,1,1,-1,1,1,1,1.0
478,8124,1,-1,1,1,1,-1,-1,1,-1,1,1,1,1,0,-1,-1,1,1,0,1,1,1,1,-1,1,1,-1,1,0,1,1.0
479,4156,1,-1,1,1,1,-1,1,1,1,1,1,1,1,0,0,-1,1,1,0,1,1,1,1,1,-1,0,-1,-1,1,1,1.0
480,3256,1,-1,1,1,1,-1,-1,1,-1,1,1,1,1,0,-1,-1,1,1,0,1,1,1,1,-1,1,1,-1,1,0,1,0.0
481,3948,1,-1,1,1,1,-1,1,1,1,1,1,1,-1,0,0,-1,1,1,0,1,1,1,1,1,1,1,1,1,0,1,1.0
482,9305,1,-1,1,1,1,-1,1,1,-1,1,1,1,1,0,1,1,1,1,0,1,1,1,1,1,1,1,-1,1,0,1,1.0
483,8856,-1,-1,1,1,1,-1,1,-1,-1,1,1,1,1,-1,-1,-1,1,1,0,1,1,1,1,1,1,0,-1,1,1,1,0.0
484,5154,-1,-1,1,-1,1,-1,0,1,-1,-1,-1,1,1,0,-1,1,-1,1,0,-1,1,-1,-1,-1,1,1,1,1,1,1,1.0
485,6432,-1,1,1,1,1,1,1,1,-1,1,1,1,1,-1,0,-1,1,1,0,1,1,1,1,1,1,1,-1,1,1,1,1.0
486,7812,-1,-1,1,1,1,-1,0,-1,1,1,1,1,-1,0,0,-1,1,1,0,1,1,1,1,-1,1,1,1,1,1,1,0.0
487,4022,1,-1,1,1,1,-1,0,0,1,1,1,1,-1,-1,1,-1,1,1,0,1,1,1,1,1,-1,-1,1,1,1,1,0.0
488,3718,1,-1,1,1,1,1,1,1,1,1,1,1,-1,1,1,-1,1,1,0,1,1,1,1,1,1,1,-1,1,0,1,1.0
489,3716,1,1,1,1,1,-1,0,-1,-1,1,1,1,1,-1,0,1,1,1,0,1,1,1,1,-1,-1,0,-1,-1,1,1,0.0
490,7740,-1,-1,1,-1,1,-1,0,-1,1,-1,-1,1,-1,-1,0,0,-1,1,0,-1,-1,-1,-1,-1,1,-1,1,1,0,1,0.0
491,1953,1,-1,1,1,1,-1,-1,-1,1,1,1,1,-1,-1,-1,-1,1,1,0,1,1,1,1,-1,1,0,-1,1,0,1,0.0
492,4653,1,-1,1,1,1,-1,0,1,1,1,1,1,-1,0,0,-1,1,1,0,1,1,1,1,-1,1,1,-1,1,1,1,1.0
493,1139,-1,1,-1,1,-1,-1,0,-1,-1,-1,-1,-1,1,-1,1,1,-1,-1,1,-1,-1,-1,-1,-1,-1,1,-1,1,1,-1,0.0
494,2210,1,-1,1,1,1,-1,-1,1,-1,1,1,1,1,0,-1,-1,1,1,0,1,1,1,1,-1,1,1,-1,1,0,1,0.0
495,10316,-1,-1,1,1,1,-1,-1,0,1,1,1,1,-1,-1,0,-1,1,1,0,1,1,1,1,1,1,0,-1,1,0,1,0.0
496,2684,1,-1,1,1,1,-1,1,1,1,1,1,1,-1,0,0,-1,1,1,0,1,1,1,1,1,1,1,1,1,0,1,1.0
497,5531,1,-1,1,1,1,-1,0,-1,1,1,1,1,-1,1,-1,-1,1,1,1,1,1,1,1,-1,1,-1,1,1,1,1,0.0
498,2251,1,1,1,1,1,-1,0,-1,-1,1,1,1,1,-1,-1,1,1,1,0,1,1,1,1,-1,1,0,-1,1,0,1,0.0
499,8821,-1,-1,1,1,1,-1,1,1,-1,-1,1,1,-1,1,-1,-1,1,1,0,1,1,-1,1,1,1,1,-1,1,1,1,1.0
500,7467,-1,-1,-1,1,-1,1,1,1,1,1,1,-1,-1,0,0,-1,1,1,0,1,1,1,1,-1,-1,1,1,-1,1,1,1.0
501,48,1,-1,1,1,1,-1,-1,-1,-1,1,1,-1,-1,0,-1,-1,1,1,0,1,1,1,1,-1,-1,1,-1,1,0,1,0.0
502,5661,-1,-1,1,1,1,-1,0,-1,-1,1,1,1,-1,0,-1,-1,1,1,1,1,1,1,1,-1,1,-1,1,1,0,1,0.0
503,5019,1,-1,1,1,1,-1,1,1,1,1,1,1,1,0,-1,-1,1,1,0,1,1,1,1,1,-1,0,-1,1,1,1,1.0
504,3905,1,-1,1,1,1,-1,0,1,-1,1,1,1,-1,0,0,-1,1,1,0,1,1,1,1,1,-1,1,1,-1,1,1,1.0
505,4965,1,-1,1,1,1,-1,-1,1,1,1,1,1,-1,0,0,-1,1,1,0,1,1,1,1,1,1,1,-1,-1,0,1,1.0
506,4459,1,1,1,1,1,-1,1,1,-1,1,1,-1,1,0,0,1,1,-1,0,1,1,1,1,1,1,1,-1,1,0,-1,1.0
507,36,1,0,1,1,1,-1,-1,-1,-1,1,1,-1,1,-1,0,-1,1,1,0,1,1,1,1,-1,-1,-1,-1,1,1,1,0.0
508,51,1,-1,1,1,1,-1,1,1,-1,1,1,-1,1,0,-1,-1,1,1,0,1,1,1,1,1,1,0,-1,1,0,1,0.0
509,5650,-1,1,1,1,1,-1,1,1,-1,-1,1,1,1,1,0,1,1,1,1,-1,1,-1,1,1,1,1,-1,1,1,1,1.0
510,5873,1,1,1,1,1,-1,-1,1,-1,1,1,1,1,1,0,1,1,1,0,1,1,1,1,1,1,1,1,1,0,1,1.0
511,6542,1,-1,1,1,1,-1,0,-1,-1,1,1,1,1,0,-1,-1,1,1,0,1,1,1,1,-1,1,1,1,1,0,1,0.0
512,1867,1,-1,1,1,1,-1,0,1,1,1,1,1,-1,1,0,-1,1,1,0,1,1,1,1,-1,1,1,-1,1,0,1,1.0
513,1933,1,-1,1,1,1,-1,-1,1,-1,1,1,1,1,0,-1,-1,1,1,0,1,1,1,1,-1,1,0,-1,-1,0,1,0.0
514,10882,1,-1,1,1,1,-1,-1,-1,1,1,1,1,-1,-1,-1,0,1,1,0,1,1,1,1,1,1,0,-1,1,0,1,0.0
515,10395,1,-1,1,-1,1,-1,-1,-1,-1,1,1,1,1,0,-1,0,-1,-1,0,1,1,1,1,1,1,1,-1,1,0,1,0.0
516,7241,1,-1,1,1,1,1,1,1,-1,1,1,1,1,1,1,-1,1,1,1,1,1,1,1,-1,1,1,1,1,0,1,1.0
517,1921,1,-1,1,1,1,-1,-1,1,-1,1,1,1,1,0,0,-1,1,1,0,1,1,1,1,-1,1,0,-1,1,0,1,1.0
518,4984,1,-1,1,1,-1,-1,-1,1,-1,1,1,1,1,1,0,-1,1,1,0,1,1,1,1,1,1,1,1,-1,0,-1,1.0
519,10248,1,-1,1,1,1,-1,1,1,1,1,1,1,-1,0,0,0,1,1,0,1,1,1,1,-1,1,0,-1,1,1,1,1.0
520,3835,1,-1,1,1,1,-1,1,1,-1,1,1,1,-1,1,0,-1,1,1,0,1,1,1,1,1,-1,-1,-1,1,1,1,1.0
521,2720,1,-1,1,1,1,-1,0,1,-1,1,1,1,1,0,0,1,1,1,0,1,1,1,1,-1,1,1,1,1,0,1,1.0
522,7225,-1,0,1,1,1,-1,0,-1,1,1,1,-1,-1,0,-1,-1,1,1,0,1,1,1,1,-1,1,0,1,1,0,1,0.0
523,9132,-1,-1,1,-1,1,-1,-1,-1,-1,-1,-1,1,-1,-1,0,-1,-1,1,0,1,1,-1,1,1,1,1,-1,-1,0,1,0.0
524,4281,1,-1,1,1,1,-1,0,0,-1,1,1,1,1,-1,0,-1,1,1,0,1,1,1,1,1,1,-1,-1,1,0,1,0.0
525,1708,-1,1,-1,1,-1,-1,1,1,-1,1,1,-1,1,0,0,1,1,-1,1,1,1,1,1,1,-1,0,-1,1,1,1,0.0
526,9129,-1,-1,1,1,1,-1,1,0,-1,-1,1,1,1,-1,1,-1,1,1,0,1,1,-1,1,1,1,0,-1,1,1,1,0.0
527,3788,1,-1,1,1,1,-1,1,-1,1,1,1,1,-1,0,-1,-1,1,1,0,1,1,1,1,-1,-1,1,-1,1,0,1,0.0
528,4891,1,-1,1,1,1,1,0,1,-1,1,1,1,-1,1,0,-1,1,1,0,1,1,1,1,1,1,1,-1,1,1,1,1.0
529,9287,-1,1,-1,1,-1,-1,1,1,-1,1,1,-1,1,1,-1,1,1,1,1,1,1,1,1,1,-1,-1,1,1,-1,1,1.0
530,9142,1,-1,1,1,1,-1,1,1,1,1,1,1,1,0,1,1,1,1,0,1,1,1,1,1,1,1,-1,1,0,-1,1.0
531,496,1,-1,1,1,1,-1,0,0,1,1,1,1,1,-1,-1,-1,1,1,0,1,1,1,1,1,-1,-1,-1,1,1,1,0.0
532,1945,1,-1,1,1,1,-1,-1,-1,1,1,1,1,-1,0,0,-1,1,1,0,1,1,1,1,1,-1,1,-1,1,1,1,1.0
533,3126,1,-1,1,1,1,-1,-1,1,-1,-1,-1,1,1,-1,1,-1,-1,1,0,-1,1,-1,-1,1,-1,1,-1,1,1,-1,1.0
534,1213,1,-1,1,1,1,-1,-1,-1,-1,1,1,1,-1,0,0,-1,1,1,0,1,1,1,1,-1,1,0,-1,-1,0,1,0.0
535,10687,1,-1,1,1,1,-1,1,-1,1,1,1,1,-1,0,1,0,1,1,0,1,1,1,1,-1,1,0,-1,1,0,1,1.0
536,8599,1,1,1,1,1,-1,1,1,-1,1,1,1,1,0,1,0,1,1,0,1,1,1,1,1,1,1,1,1,0,-1,1.0
537,7921,1,-1,1,1,1,1,-1,1,-1,1,1,1,1,1,1,-1,1,1,0,1,1,1,1,-1,1,1,-1,1,0,1,1.0
538,8057,-1,-1,-1,1,-1,-1,0,1,1,1,1,-1,-1,0,1,-1,1,-1,0,1,1,1,1,-1,-1,1,-1,-1,1,1,1.0
539,4777,1,-1,1,1,1,-1,-1,1,-1,1,1,1,1,0,-1,-1,1,1,0,1,1,1,1,-1,1,0,-1,-1,0,1,0.0
540,2729,1,-1,1,-1,1,-1,0,0,-1,1,1,1,-1,-1,0,-1,1,1,0,1,1,1,1,1,1,-1,-1,1,0,-1,0.0
541,4292,1,-1,1,1,1,-1,-1,-1,1,1,1,1,-1,-1,0,-1,1,1,0,1,1,1,1,-1,-1,0,-1,1,0,1,0.0
542,1557,1,-1,1,1,1,-1,-1,1,-1,1,1,1,-1,0,-1,-1,1,1,0,1,1,1,1,-1,-1,0,-1,-1,0,1,0.0
543,2024,1,1,1,1,1,-1,-1,-1,-1,1,1,1,1,-1,0,1,1,1,0,1,1,1,1,-1,-1,-1,-1,1,0,1,0.0
544,7253,1,-1,1,1,1,-1,0,-1,1,1,1,1,-1,-1,0,-1,1,1,0,1,1,1,1,-1,1,-1,-1,1,0,1,0.0
545,702,1,-1,1,1,1,-1,1,1,-1,1,1,1,1,1,-1,-1,1,1,0,1,1,1,1,1,1,1,1,-1,1,1,1.0
546,6577,-1,-1,-1,-1,-1,-1,0,-1,-1,-1,-1,-1,1,-1,1,-1,-1,-1,0,-1,-1,-1,-1,-1,-1,-1,1,-1,1,1,0.0
547,8899,1,-1,1,1,1,-1,-1,0,1,-1,1,-1,-1,-1,0,-1,1,1,0,-1,1,-1,1,1,1,0,-1,1,1,1,0.0
548,6604,1,-1,1,1,1,-1,0,-1,1,1,1,1,1,0,-1,-1,1,1,0,1,1,1,1,-1,1,1,1,1,0,1,0.0
549,4995,1,-1,1,1,1,-1,1,-1,1,1,1,1,-1,-1,-1,-1,1,1,0,1,1,1,1,1,1,-1,-1,1,0,1,0.0
550,9187,1,-1,1,1,1,-1,1,1,-1,1,1,1,1,0,1,0,1,1,0,1,1,1,1,1,1,0,-1,1,0,1,1.0
551,5426,1,-1,1,1,1,-1,0,1,-1,1,1,1,1,1,-1,-1,1,1,0,1,1,1,1,-1,1,0,-1,1,0,1,1.0
552,3385,1,-1,1,1,1,-1,-1,-1,-1,-1,-1,1,1,-1,0,-1,-1,1,0,-1,1,-1,-1,-1,-1,0,-1,1,1,-1,0.0
553,5734,-1,-1,1,-1,1,-1,0,-1,-1,-1,-1,-1,1,0,0,-1,-1,-1,0,-1,1,-1,1,-1,1,0,1,1,0,1,0.0
554,1154,1,-1,1,1,1,1,1,1,1,1,1,1,-1,1,1,-1,1,1,0,1,1,1,1,1,-1,1,-1,1,0,1,1.0
555,7221,1,-1,1,1,1,-1,-1,1,-1,1,1,1,1,0,1,-1,1,1,0,1,1,1,1,-1,1,0,-1,1,0,1,1.0
556,9856,-1,-1,1,1,1,-1,0,1,-1,1,1,1,1,0,0,-1,1,1,0,1,1,1,1,1,1,1,-1,-1,1,1,1.0
557,7060,1,-1,1,1,1,-1,0,0,1,1,1,1,-1,-1,0,-1,1,1,0,1,1,1,1,-1,1,-1,-1,1,1,-1,0.0
558,10177,1,-1,1,1,1,-1,-1,-1,1,1,1,1,-1,1,-1,-1,1,1,0,1,1,1,1,1,1,0,-1,-1,0,1,0.0
559,1403,1,-1,1,1,1,-1,0,1,1,1,1,-1,-1,0,-1,-1,1,-1,0,1,1,1,1,-1,-1,0,-1,1,1,-1,0.0
560,10431,-1,1,1,1,1,-1,-1,-1,-1,1,1,1,1,-1,-1,-1,1,1,0,1,1,1,1,-1,1,0,1,1,0,-1,0.0
561,6843,1,-1,1,1,1,-1,1,1,-1,1,1,1,1,1,0,0,1,1,0,1,1,1,1,-1,1,1,1,1,0,1,1.0
562,6953,1,-1,1,1,1,-1,1,1,1,1,1,1,1,0,0,1,1,1,0,1,1,1,1,-1,1,-1,-1,1,0,1,1.0
563,10560,1,-1,1,1,1,-1,-1,-1,1,1,1,1,1,0,0,1,1,1,0,1,1,1,1,-1,1,0,-1,-1,0,1,0.0
564,8099,1,-1,1,1,1,-1,1,1,-1,1,1,1,-1,1,1,1,1,1,0,1,1,1,1,-1,1,1,-1,1,0,1,1.0
565,8706,-1,-1,1,1,1,-1,1,-1,-1,1,1,1,1,-1,0,-1,1,1,0,1,1,1,1,1,1,1,-1,1,0,1,0.0
566,563,1,-1,1,1,1,-1,1,1,-1,1,1,1,1,0,1,-1,1,1,0,1,1,1,1,1,-1,0,-1,1,1,1,1.0
567,1421,1,-1,1,1,1,1,1,1,-1,-1,-1,1,1,0,0,-1,-1,1,0,-1,1,-1,1,1,-1,1,-1,-1,1,1,1.0
568,3201,1,-1,1,1,1,-1,0,0,1,-1,-1,1,1,-1,1,-1,-1,1,0,1,1,-1,1,1,-1,1,-1,1,1,1,0.0
569,1874,1,-1,1,1,1,-1,-1,1,1,1,1,1,-1,0,-1,-1,1,1,0,1,1,1,1,-1,-1,1,-1,1,1,1,0.0
570,1871,-1,-1,-1,1,-1,-1,0,1,1,1,1,-1,-1,1,0,-1,1,-1,1,1,1,1,1,-1,-1,1,-1,1,1,1,1.0
571,4345,1,-1,1,1,1,-1,-1,-1,1,1,1,1,-1,-1,0,-1,1,1,0,1,1,1,1,1,1,-1,-1,1,0,1,0.0
572,675,1,-1,1,1,1,1,0,1,-1,1,1,1,1,0,0,-1,1,1,0,1,1,-1,1,-1,-1,1,-1,1,1,1,1.0
573,4145,1,-1,1,1,1,-1,-1,1,-1,1,1,1,1,0,0,-1,1,1,0,1,1,1,1,1,1,1,-1,1,0,1,1.0
574,318,1,-1,1,1,1,-1,1,1,-1,1,1,1,-1,0,0,-1,1,1,0,1,1,1,1,1,1,1,-1,1,0,1,1.0
575,5569,-1,-1,1,1,1,-1,0,-1,1,1,1,1,-1,-1,0,0,1,1,0,1,1,1,1,-1,1,-1,1,1,1,1,0.0
576,8234,-1,1,1,1,1,1,-1,1,-1,1,1,1,1,0,0,1,1,1,0,1,1,1,1,1,1,1,-1,1,0,1,1.0
577,6060,-1,-1,1,-1,1,1,0,1,1,-1,-1,1,-1,1,1,-1,-1,1,0,-1,1,-1,-1,-1,1,1,-1,1,1,1,1.0
578,2321,-1,-1,-1,1,-1,-1,0,0,-1,1,1,-1,-1,-1,1,-1,1,-1,1,1,1,1,1,1,1,-1,-1,1,0,1,0.0
579,7567,-1,1,1,1,1,1,-1,1,-1,1,1,1,1,1,-1,1,1,1,0,1,1,1,1,1,1,1,-1,1,-1,1,1.0
580,8794,-1,-1,1,1,1,-1,-1,0,-1,1,1,1,-1,-1,-1,-1,1,1,0,1,1,1,1,1,1,0,-1,1,1,1,0.0
581,7273,-1,-1,1,1,1,-1,-1,1,-1,1,1,1,1,0,0,-1,1,1,1,1,1,1,1,-1,1,0,1,1,1,1,1.0
582,7875,1,-1,1,1,1,-1,0,0,1,1,1,1,-1,-1,0,-1,1,1,1,1,1,1,1,-1,1,-1,-1,1,0,1,0.0
583,948,1,-1,1,1,1,-1,0,0,-1,1,1,1,-1,0,0,-1,1,1,0,1,1,1,1,1,-1,0,-1,1,1,1,0.0
584,4417,1,-1,1,-1,1,-1,0,0,1,1,1,1,-1,-1,0,-1,1,1,0,1,1,1,1,1,-1,-1,-1,1,1,1,0.0
585,8743,-1,-1,1,1,1,-1,-1,-1,-1,1,1,1,-1,1,1,-1,1,1,0,1,1,1,1,-1,1,0,-1,1,1,1,1.0
586,9985,1,-1,1,1,1,1,1,1,-1,1,1,1,1,1,0,-1,1,1,0,1,1,1,1,1,1,-1,-1,1,0,1,1.0
587,514,1,-1,1,1,1,-1,1,1,1,1,1,1,-1,0,0,-1,1,1,0,1,1,1,1,1,1,1,-1,1,0,1,1.0
588,1526,1,-1,1,1,1,-1,0,-1,1,1,1,1,-1,-1,-1,-1,1,1,0,1,1,1,1,-1,-1,-1,-1,1,0,1,0.0
589,10064,1,-1,1,1,1,-1,-1,-1,-1,1,1,1,1,-1,-1,-1,1,1,0,1,1,1,1,-1,1,1,-1,1,0,1,0.0
590,4400,1,-1,1,1,1,1,-1,1,-1,1,1,-1,-1,1,-1,-1,-1,-1,0,1,1,1,1,1,1,0,-1,1,0,-1,1.0
591,7136,1,-1,1,1,1,1,0,1,1,1,1,1,-1,0,0,1,1,1,0,1,1,1,1,-1,1,-1,1,1,0,1,1.0
592,8242,1,-1,1,-1,1,-1,0,1,-1,-1,-1,1,1,0,0,-1,1,1,0,1,1,-1,1,1,1,1,-1,-1,0,1,1.0
593,3946,1,-1,1,1,1,-1,0,1,-1,-1,-1,1,1,1,0,-1,-1,1,0,-1,-1,-1,-1,-1,1,1,-1,1,1,-1,1.0
594,8640,1,-1,1,1,1,-1,-1,1,-1,1,1,1,1,0,1,1,1,1,0,1,1,1,1,1,1,1,-1,1,-1,1,1.0
595,2994,-1,-1,-1,1,-1,-1,1,1,-1,1,1,-1,1,1,0,-1,1,-1,1,1,1,1,1,1,-1,1,-1,1,1,1,1.0
596,7039,1,-1,1,1,1,-1,0,1,-1,1,1,1,1,1,-1,-1,1,1,0,1,1,1,1,-1,1,0,1,1,0,1,1.0
597,4088,1,-1,1,1,1,-1,1,-1,-1,-1,1,1,1,0,0,-1,1,1,0,-1,1,-1,1,1,-1,0,-1,1,-1,1,0.0
598,6195,1,1,1,1,1,1,1,1,-1,1,1,1,1,0,0,1,1,1,1,1,1,1,1,1,1,1,-1,1,0,1,1.0
599,8387,1,-1,1,1,1,-1,1,1,-1,1,1,1,-1,0,-1,-1,1,1,0,1,1,1,1,1,1,-1,-1,1,0,1,1.0
600,4102,1,-1,1,1,1,-1,1,1,-1,1,1,-1,-1,1,0,-1,-1,-1,0,1,1,1,1,1,-1,-1,-1,1,0,-1,1.0
601,4648,1,-1,1,1,1,-1,1,1,1,1,1,1,-1,0,-1,-1,1,1,0,1,1,1,1,1,1,1,1,-1,0,1,1.0
602,10593,-1,-1,1,1,1,-1,1,-1,-1,1,1,1,1,1,0,1,1,1,0,1,1,1,1,1,1,0,-1,1,0,1,1.0
603,9583,1,-1,1,1,1,-1,1,1,-1,-1,1,1,1,0,-1,-1,1,1,0,1,1,-1,1,1,1,1,-1,1,0,1,1.0
604,3221,1,-1,1,1,1,-1,-1,-1,1,1,1,1,-1,-1,0,-1,1,1,0,1,1,1,1,-1,-1,0,-1,1,0,1,0.0
605,2228,1,-1,1,1,1,-1,-1,1,-1,1,1,1,-1,1,1,-1,1,1,0,1,1,1,1,1,1,1,1,1,0,1,1.0
606,10493,1,-1,1,1,1,-1,-1,-1,1,1,1,1,-1,-1,-1,0,1,1,0,1,1,1,1,1,1,1,-1,-1,0,1,0.0
607,10045,-1,-1,1,1,1,-1,1,-1,1,1,1,1,1,0,-1,-1,1,1,0,1,1,1,1,1,1,1,-1,1,0,1,0.0
608,3416,1,-1,1,1,1,-1,-1,-1,-1,1,1,1,1,0,-1,-1,1,1,0,1,1,1,1,-1,-1,-1,1,1,1,1,0.0
609,4771,1,-1,1,1,1,-1,0,-1,-1,1,1,1,1,1,0,-1,1,1,0,1,1,1,1,1,1,1,-1,1,0,1,1.0
610,8678,1,1,1,1,1,-1,1,1,-1,1,1,1,1,1,0,0,1,1,0,1,1,1,1,-1,1,0,1,1,0,1,1.0
611,7891,-1,1,-1,1,-1,-1,1,1,-1,1,1,-1,1,1,-1,1,1,1,0,1,1,1,1,1,-1,1,-1,-1,-1,1,1.0
612,4180,-1,-1,-1,1,-1,-1,-1,1,-1,1,1,-1,1,0,-1,-1,1,-1,1,1,1,1,1,1,-1,1,1,1,1,1,1.0
613,5206,1,1,-1,-1,-1,1,1,1,-1,1,1,-1,1,0,0,1,-1,-1,0,1,1,1,1,1,1,1,-1,1,1,1,1.0
614,8598,1,-1,1,1,1,-1,-1,-1,-1,1,1,1,1,-1,1,-1,1,1,0,1,1,1,1,1,1,1,-1,1,1,1,0.0
615,4539,-1,-1,-1,1,-1,-1,1,1,-1,1,1,-1,1,1,0,-1,1,-1,1,1,1,1,1,1,-1,1,-1,1,1,1,1.0
616,482,1,1,1,1,1,-1,-1,-1,-1,1,1,1,1,-1,-1,1,1,1,0,1,1,1,1,-1,-1,-1,-1,1,0,1,0.0
617,6050,-1,-1,1,1,1,-1,1,0,1,1,1,1,-1,1,-1,-1,1,1,1,1,1,1,1,-1,1,-1,1,1,1,1,0.0
618,6852,-1,-1,1,-1,1,-1,1,1,-1,-1,-1,1,1,-1,1,-1,-1,1,0,-1,1,-1,-1,-1,1,1,-1,1,1,1,0.0
619,6551,-1,-1,1,1,1,-1,0,-1,1,1,1,1,1,-1,-1,-1,1,1,0,1,1,1,1,-1,1,0,-1,1,0,1,0.0
620,10057,1,-1,1,1,1,-1,0,1,1,1,1,1,-1,0,-1,-1,1,1,0,1,1,1,1,1,1,1,-1,1,0,1,1.0
621,6287,-1,-1,1,1,1,-1,0,1,1,1,1,1,-1,0,0,1,1,1,1,1,1,1,1,-1,1,0,-1,1,1,1,1.0
622,9406,-1,-1,1,1,1,-1,1,1,1,1,1,1,1,0,-1,0,1,1,0,1,1,1,1,1,1,-1,-1,1,1,1,1.0
623,2764,1,-1,1,-1,1,-1,0,-1,1,1,1,1,-1,-1,-1,-1,1,1,0,1,1,1,1,-1,-1,0,-1,-1,0,1,0.0
624,8840,-1,-1,1,1,1,-1,0,-1,1,1,1,1,-1,-1,-1,-1,1,1,0,1,1,1,1,1,1,0,-1,-1,0,1,0.0
625,3675,1,-1,1,1,1,-1,-1,-1,1,1,1,1,-1,-1,0,-1,1,1,0,1,1,1,1,-1,-1,0,-1,1,0,1,0.0
626,10771,-1,-1,1,-1,1,-1,-1,0,1,-1,-1,1,-1,-1,1,-1,-1,1,0,1,1,-1,1,1,1,0,-1,1,0,-1,0.0
627,4463,1,-1,1,1,1,-1,-1,1,1,-1,-1,1,-1,0,-1,-1,-1,1,0,-1,1,-1,-1,-1,-1,0,-1,1,0,-1,0.0
628,5621,-1,-1,1,1,1,1,1,1,1,1,1,1,-1,0,1,-1,1,1,0,1,1,1,1,-1,1,1,-1,1,1,1,1.0
629,5727,-1,-1,1,1,1,-1,0,1,1,1,1,1,-1,1,0,1,1,1,0,1,1,1,1,-1,1,-1,-1,1,1,1,1.0
630,2246,1,-1,1,1,1,-1,0,1,1,1,1,1,-1,0,1,-1,1,1,0,1,1,1,1,-1,1,1,-1,1,0,1,1.0
631,3465,1,-1,1,1,1,1,0,1,1,-1,-1,1,-1,1,-1,-1,-1,1,0,-1,-1,-1,-1,-1,-1,1,-1,1,1,-1,1.0
632,6738,-1,-1,-1,1,-1,-1,0,1,-1,1,1,-1,1,0,-1,1,1,-1,0,1,1,1,1,-1,-1,1,-1,-1,1,1,1.0
633,1202,1,-1,1,1,1,-1,1,1,-1,1,1,1,1,1,0,-1,1,1,0,1,1,1,1,1,-1,-1,-1,1,1,1,1.0
634,6227,1,1,1,-1,1,-1,0,1,-1,-1,-1,1,1,1,0,1,-1,1,0,1,1,-1,1,1,1,1,1,1,1,1,1.0
635,1363,1,-1,1,1,1,-1,0,-1,1,1,1,1,-1,-1,-1,-1,1,1,0,1,1,1,1,-1,-1,-1,-1,1,1,1,0.0
636,10782,1,1,1,1,1,-1,1,1,-1,1,1,1,1,0,1,-1,1,1,0,1,1,1,1,-1,1,0,1,1,0,1,1.0
637,1728,1,-1,1,1,1,-1,0,1,1,1,1,1,-1,0,0,-1,1,1,0,1,1,1,1,1,-1,1,-1,1,1,1,1.0
638,6810,-1,-1,1,1,1,-1,1,1,-1,1,1,1,1,0,-1,-1,1,1,1,1,1,1,1,-1,1,1,-1,1,1,1,1.0
639,3859,1,-1,1,1,1,-1,0,-1,1,-1,-1,1,-1,-1,0,-1,-1,1,0,-1,1,-1,-1,1,-1,0,-1,-1,1,-1,0.0
640,3976,1,-1,1,1,1,-1,0,0,1,1,1,1,1,-1,0,-1,1,1,0,1,1,1,1,1,1,-1,-1,1,0,1,0.0
641,1381,1,-1,1,1,1,-1,-1,1,-1,-1,1,-1,1,1,-1,-1,1,1,0,-1,1,-1,1,1,-1,1,-1,1,-1,1,1.0
642,1367,1,-1,1,1,1,-1,0,0,1,1,1,1,-1,-1,-1,-1,-1,1,0,1,1,1,1,1,1,-1,-1,1,1,1,0.0
643,7663,-1,-1,1,-1,1,-1,-1,1,-1,-1,-1,1,1,0,0,0,-1,1,0,-1,-1,-1,-1,-1,1,1,-1,1,1,1,1.0
644,6893,-1,-1,1,1,1,-1,0,-1,1,1,1,1,-1,-1,-1,-1,1,1,1,1,1,1,1,-1,1,-1,1,1,0,1,0.0
645,6273,1,1,1,1,1,1,1,1,1,1,1,1,-1,1,1,-1,1,1,0,1,1,1,1,1,1,1,1,1,0,-1,1.0
646,2872,1,-1,1,1,1,-1,-1,1,-1,1,1,1,1,0,0,-1,1,1,0,1,1,1,1,1,-1,1,-1,1,1,1,1.0
647,2656,1,1,1,1,1,-1,0,0,-1,1,1,1,-1,-1,-1,1,1,1,0,1,1,1,1,1,-1,-1,-1,1,1,-1,0.0
648,5990,-1,-1,1,1,1,-1,0,-1,-1,1,1,1,-1,0,-1,-1,1,1,0,1,1,1,1,-1,1,1,1,1,0,1,0.0
649,8492,1,-1,1,1,1,-1,-1,-1,1,1,1,1,-1,-1,-1,0,1,1,0,1,1,1,1,1,1,-1,-1,1,0,1,0.0
650,2294,1,-1,1,1,1,-1,0,-1,1,1,1,1,-1,-1,-1,-1,1,1,0,1,1,1,1,-1,1,0,-1,1,0,1,0.0
651,4099,1,-1,1,1,1,1,1,1,-1,1,1,1,1,0,-1,-1,1,1,0,1,1,1,1,1,1,1,-1,1,0,1,1.0
652,6189,-1,-1,1,1,1,-1,0,-1,1,1,1,1,-1,0,0,-1,1,1,0,1,1,1,1,-1,1,1,-1,1,1,1,1.0
653,1317,1,-1,1,1,1,1,1,1,-1,1,1,1,1,1,1,-1,1,1,0,1,1,1,1,1,1,1,-1,-1,0,1,1.0
654,7509,1,-1,1,1,1,-1,-1,-1,-1,1,1,-1,-1,-1,0,0,1,1,0,1,1,1,1,-1,1,-1,-1,1,0,1,0.0
655,4500,1,-1,1,1,1,-1,1,1,-1,1,1,1,1,0,-1,-1,1,1,0,1,1,1,1,1,1,0,-1,1,1,1,1.0
656,1375,1,-1,1,1,1,-1,-1,-1,-1,1,1,1,1,-1,0,-1,-1,1,0,1,1,1,1,-1,1,1,-1,1,-1,1,0.0
657,3183,1,-1,1,-1,1,-1,-1,-1,1,1,1,1,-1,-1,0,-1,1,1,0,1,1,1,1,-1,-1,-1,-1,1,1,1,0.0
658,8565,1,1,1,-1,1,-1,1,0,-1,1,1,1,1,0,0,-1,1,1,0,1,1,1,1,1,1,1,-1,1,-1,1,1.0
659,3532,-1,-1,-1,1,-1,1,0,1,-1,1,1,-1,1,1,1,-1,1,-1,1,1,1,1,1,1,-1,1,-1,1,1,1,1.0
660,900,-1,-1,-1,1,-1,-1,-1,1,-1,1,1,-1,1,0,0,-1,1,-1,1,1,1,1,1,-1,-1,1,1,1,1,1,1.0
661,7310,-1,-1,1,1,1,-1,-1,1,-1,-1,1,1,1,0,-1,-1,1,1,0,1,1,-1,1,-1,1,1,-1,1,1,1,1.0
662,7206,-1,-1,1,1,1,-1,0,-1,-1,1,1,1,-1,-1,-1,-1,1,1,0,1,1,1,1,-1,1,-1,-1,1,0,1,0.0
663,5816,-1,-1,-1,1,-1,-1,1,1,1,1,1,-1,1,0,1,-1,1,-1,0,1,1,1,1,-1,-1,1,1,-1,1,1,1.0
664,10081,1,-1,1,-1,1,1,0,1,-1,1,1,-1,-1,1,-1,-1,-1,-1,0,1,1,1,1,1,1,-1,-1,1,0,1,1.0
665,8185,1,-1,-1,1,1,-1,1,1,-1,1,1,1,1,1,0,0,1,-1,0,1,1,1,1,1,1,1,-1,1,0,1,1.0
666,7163,1,-1,1,1,1,-1,-1,1,-1,1,1,1,1,1,-1,-1,1,1,0,1,1,1,1,-1,1,0,-1,1,0,1,1.0
667,2849,-1,-1,-1,1,-1,-1,0,1,1,1,1,-1,-1,0,1,-1,1,-1,1,1,1,1,1,1,1,1,-1,1,1,1,1.0
668,3101,1,-1,1,1,1,1,-1,1,-1,1,1,1,1,1,0,-1,1,1,0,1,1,1,1,1,1,1,-1,1,0,1,1.0
669,7703,-1,-1,1,-1,1,-1,1,1,1,-1,-1,1,-1,0,0,1,-1,1,0,1,1,-1,1,-1,1,1,-1,1,1,1,1.0
670,10639,-1,-1,1,-1,1,-1,-1,-1,-1,1,1,1,-1,-1,-1,-1,1,1,0,1,1,1,1,1,1,0,-1,-1,0,1,0.0
671,6918,-1,-1,1,1,1,-1,1,1,1,1,1,1,-1,1,-1,-1,1,1,0,1,1,1,1,-1,1,-1,-1,1,1,1,1.0
672,1098,1,-1,1,1,1,-1,-1,-1,-1,1,1,1,-1,0,-1,-1,1,1,0,1,1,1,1,-1,-1,1,-1,-1,0,1,0.0
673,9097,1,-1,1,1,1,-1,1,1,-1,1,1,1,1,0,0,-1,-1,1,0,1,1,1,1,1,1,-1,-1,1,-1,1,1.0
674,4230,1,-1,1,1,-1,-1,0,-1,1,1,1,1,-1,-1,0,-1,1,1,0,1,1,1,1,-1,-1,-1,-1,1,0,1,0.0
675,10430,1,-1,1,1,1,-1,-1,-1,-1,1,1,1,1,-1,-1,-1,1,1,0,1,1,1,1,-1,1,0,-1,1,0,1,0.0
676,7804,-1,-1,1,-1,1,-1,0,-1,1,-1,-1,1,-1,-1,-1,-1,-1,1,1,1,1,-1,1,-1,1,-1,1,1,0,1,0.0
677,1980,1,-1,1,1,1,-1,-1,-1,-1,1,1,1,-1,0,-1,-1,1,1,0,1,1,1,1,1,-1,-1,1,1,0,1,0.0
678,3990,1,-1,1,1,1,-1,0,0,1,1,1,1,-1,0,0,-1,1,1,0,1,1,1,1,1,-1,-1,1,1,0,1,0.0
679,10243,1,-1,1,1,1,-1,1,1,1,1,1,1,-1,0,-1,1,1,1,0,1,1,1,1,1,1,1,-1,-1,0,1,1.0
680,7011,-1,-1,1,1,1,-1,0,-1,1,1,1,1,-1,0,1,-1,1,1,0,1,1,1,1,-1,1,1,1,1,1,1,0.0
681,829,1,-1,1,1,1,-1,0,-1,-1,1,1,1,-1,-1,1,-1,1,1,0,1,1,1,1,-1,-1,-1,-1,1,1,1,0.0
682,2833,-1,1,-1,1,-1,-1,1,1,-1,1,1,-1,1,0,-1,1,1,-1,1,1,1,1,1,1,-1,0,-1,1,1,-1,0.0
683,8789,-1,-1,1,1,1,-1,1,-1,-1,1,1,1,1,0,-1,-1,1,1,0,1,1,1,1,1,1,1,-1,1,0,1,0.0
684,2305,1,1,1,-1,1,-1,1,1,-1,1,1,1,1,0,1,1,1,1,0,1,1,1,1,1,1,1,-1,1,0,1,1.0
685,8053,1,-1,1,1,1,-1,0,1,-1,1,1,1,1,0,0,1,1,1,1,1,1,1,1,-1,1,1,-1,1,0,1,1.0
686,9058,-1,1,1,1,1,-1,0,1,1,1,1,1,1,0,0,-1,1,1,0,1,1,1,1,1,1,-1,1,1,1,1,1.0
687,4828,1,1,1,-1,1,1,-1,1,-1,1,1,1,1,0,1,1,1,1,0,1,1,1,1,-1,-1,1,-1,1,0,1,1.0
688,4570,-1,-1,-1,1,-1,-1,-1,-1,-1,-1,1,-1,-1,-1,1,-1,-1,-1,1,-1,1,-1,1,-1,-1,0,-1,1,0,-1,0.0
689,10038,-1,-1,1,1,1,-1,-1,0,1,1,1,1,-1,-1,0,-1,1,1,0,1,1,1,1,1,1,0,-1,1,0,-1,0.0
690,7482,-1,1,1,1,1,-1,1,0,-1,1,1,1,1,-1,-1,-1,1,1,0,1,1,1,1,1,1,0,-1,1,1,1,0.0
691,6906,1,-1,1,1,1,-1,1,0,-1,1,1,1,1,-1,-1,-1,1,1,0,1,1,1,1,-1,1,-1,-1,1,0,1,0.0
692,1155,1,-1,1,1,1,-1,0,1,-1,1,1,1,1,0,0,-1,1,1,0,1,1,1,1,-1,1,1,1,1,0,1,1.0
693,4119,1,1,1,1,1,-1,0,1,-1,-1,-1,1,1,0,-1,1,-1,1,0,-1,1,-1,-1,-1,-1,1,-1,1,-1,1,1.0
694,28,1,-1,-1,1,1,1,-1,1,1,1,1,1,-1,1,0,-1,-1,-1,0,1,1,1,1,1,-1,0,-1,1,0,-1,1.0
695,9694,-1,-1,1,1,1,-1,-1,1,-1,1,1,1,1,1,0,-1,1,1,0,1,1,1,1,1,1,-1,-1,1,1,1,1.0
696,8709,-1,-1,1,1,1,-1,-1,-1,-1,1,1,1,-1,1,0,-1,1,1,0,1,1,1,1,1,1,1,-1,-1,1,1,0.0
697,699,1,-1,1,1,1,-1,-1,1,1,-1,-1,1,-1,0,0,-1,-1,1,0,1,1,-1,1,1,1,1,1,1,1,-1,1.0
698,6346,1,-1,1,1,1,-1,1,1,-1,1,1,1,1,0,0,-1,1,1,0,1,1,1,1,-1,1,0,1,1,0,1,1.0
699,954,1,1,1,1,1,-1,-1,-1,-1,1,1,1,1,-1,0,1,1,1,0,1,1,1,1,-1,-1,-1,-1,1,0,1,0.0
700,4068,-1,-1,-1,1,-1,-1,0,1,-1,1,1,-1,1,0,-1,-1,1,-1,1,1,1,1,1,-1,-1,1,1,1,1,1,1.0
701,6199,-1,-1,1,1,1,-1,1,1,1,1,1,1,-1,1,1,1,1,1,1,1,1,1,1,-1,1,1,-1,1,0,1,1.0
702,9412,-1,1,1,1,1,1,1,1,-1,1,1,1,1,1,0,-1,1,1,0,1,1,1,1,1,1,0,1,1,1,1,1.0
703,6904,1,-1,1,1,1,-1,0,1,-1,1,1,1,1,0,-1,-1,1,1,1,1,1,1,1,-1,1,0,-1,1,0,1,0.0
704,6997,1,-1,1,1,1,-1,0,-1,-1,1,1,1,-1,0,-1,-1,1,1,0,1,1,1,1,-1,1,1,1,1,0,1,0.0
705,10983,1,-1,1,1,1,-1,1,1,1,1,1,1,1,1,0,1,1,1,0,1,1,1,1,1,1,-1,-1,1,0,1,1.0
706,235,-1,1,-1,1,-1,-1,0,1,1,-1,1,-1,-1,1,1,1,1,-1,1,1,1,-1,1,-1,-1,1,1,1,1,-1,1.0
707,690,1,-1,1,1,1,-1,0,0,1,-1,-1,1,-1,-1,1,-1,-1,1,0,1,1,-1,1,1,1,-1,-1,1,0,-1,0.0
708,489,1,1,1,1,1,-1,1,1,-1,1,1,1,1,1,-1,1,1,1,0,1,1,1,1,1,-1,1,-1,1,1,1,1.0
709,10350,1,-1,1,1,1,-1,0,1,-1,1,1,1,-1,-1,-1,-1,1,1,0,1,1,1,1,1,1,1,-1,1,0,1,0.0
710,1580,1,-1,1,1,1,-1,-1,1,-1,1,1,1,1,1,-1,-1,1,1,0,1,1,1,1,1,-1,1,-1,1,1,1,1.0
711,3371,1,1,1,-1,1,-1,0,0,-1,1,1,1,1,-1,0,1,1,1,0,1,1,1,1,1,-1,-1,-1,1,0,1,0.0
712,7989,-1,-1,1,1,1,-1,0,-1,1,1,1,1,-1,0,-1,-1,1,1,1,1,1,1,1,-1,1,0,-1,1,0,1,0.0
713,999,1,-1,1,1,1,-1,0,-1,1,1,1,1,-1,-1,-1,-1,1,1,0,1,1,1,1,-1,-1,-1,-1,1,0,1,0.0
714,7742,-1,-1,1,1,1,-1,1,0,-1,1,1,1,1,-1,-1,-1,1,1,0,1,1,1,1,-1,1,-1,-1,1,1,1,0.0
715,1258,1,-1,1,1,1,-1,-1,1,-1,1,1,1,1,1,0,-1,1,1,0,1,1,1,1,-1,1,1,1,1,0,1,1.0
716,5640,-1,-1,-1,-1,-1,-1,0,-1,1,-1,1,-1,-1,-1,1,-1,1,-1,1,-1,1,-1,-1,-1,-1,-1,-1,1,1,1,0.0
717,7489,1,1,1,1,1,-1,1,1,-1,1,1,1,1,0,0,-1,1,1,0,1,1,1,1,1,1,1,-1,1,0,1,1.0
718,7817,-1,1,1,1,1,-1,-1,-1,1,1,1,1,-1,-1,0,-1,1,1,0,1,1,1,1,1,1,0,1,1,1,1,0.0
719,9814,-1,-1,1,1,1,-1,1,-1,1,1,1,1,-1,0,-1,-1,1,1,0,1,1,1,1,1,1,-1,-1,1,1,1,1.0
720,3230,1,-1,1,1,1,-1,1,1,1,1,1,1,-1,0,0,-1,1,1,0,1,1,1,1,1,1,1,1,1,0,1,1.0
721,1269,1,-1,1,1,1,1,1,1,-1,1,1,-1,1,1,0,-1,1,1,0,1,1,1,1,1,1,1,-1,1,0,1,1.0
722,4179,-1,-1,-1,1,-1,-1,-1,-1,1,-1,-1,-1,-1,-1,1,-1,-1,-1,1,-1,1,-1,-1,1,-1,1,-1,1,1,-1,0.0
723,1496,1,-1,1,1,1,1,0,1,-1,1,1,1,1,1,0,-1,1,1,0,1,1,1,1,-1,1,1,-1,1,0,1,1.0
724,10096,1,-1,1,-1,1,-1,1,1,-1,-1,-1,1,1,1,0,1,-1,1,0,-1,-1,-1,-1,1,1,-1,-1,1,0,1,1.0
725,7209,-1,-1,-1,1,-1,-1,1,1,-1,1,1,-1,1,1,0,-1,1,-1,0,1,1,1,1,-1,-1,1,1,-1,1,1,1.0
726,7370,-1,-1,1,1,1,-1,0,1,-1,1,1,1,1,0,0,-1,1,1,0,1,1,1,1,-1,1,1,1,1,1,1,1.0
727,4166,1,-1,1,1,1,-1,-1,-1,-1,1,1,1,1,-1,-1,-1,1,1,0,1,1,1,1,-1,1,-1,-1,1,0,1,0.0
728,4380,1,1,1,1,1,-1,-1,-1,-1,1,1,-1,1,0,0,-1,1,1,0,1,1,1,1,1,1,0,-1,-1,-1,1,1.0
729,5922,1,-1,1,1,1,-1,1,1,1,1,1,1,-1,0,-1,1,1,1,1,1,1,1,1,-1,1,1,1,1,0,1,1.0
730,2913,1,-1,1,1,1,-1,0,1,1,-1,-1,1,1,-1,0,-1,-1,1,0,-1,1,-1,-1,1,1,0,-1,1,0,-1,0.0
731,3749,1,-1,1,1,1,-1,-1,1,-1,1,1,1,1,0,0,-1,1,1,0,1,1,1,1,1,1,1,1,1,0,1,1.0
732,4703,1,-1,1,1,1,-1,0,0,-1,1,1,1,-1,-1,-1,-1,1,1,0,1,1,1,1,1,-1,-1,-1,1,1,1,0.0
733,1475,1,1,1,1,1,-1,1,1,-1,1,1,1,1,0,1,1,1,1,0,1,1,-1,1,1,-1,0,-1,1,1,1,0.0
734,8209,1,1,1,1,1,-1,1,1,-1,1,1,1,-1,1,1,0,1,1,0,1,1,1,1,1,1,1,-1,1,0,-1,1.0
735,4089,1,-1,1,1,1,-1,0,1,-1,1,1,1,1,0,-1,-1,1,1,0,1,1,1,1,-1,-1,1,-1,1,-1,1,1.0
736,5899,1,-1,1,-1,1,-1,0,-1,1,1,1,1,-1,-1,0,-1,1,1,0,1,1,1,1,-1,1,0,-1,1,0,1,0.0
737,618,1,-1,1,1,1,-1,0,-1,-1,1,1,1,1,-1,0,-1,1,1,0,1,1,1,1,-1,1,1,-1,1,0,1,0.0
738,7351,1,1,1,1,1,-1,1,1,-1,1,1,1,1,1,0,0,1,1,0,1,1,1,1,1,1,1,1,1,0,1,1.0
739,156,1,-1,1,1,1,-1,1,1,-1,1,1,1,1,0,0,-1,1,1,0,1,1,1,1,1,1,0,-1,1,-1,1,1.0
740,8469,1,-1,1,1,1,-1,1,1,-1,1,1,1,1,0,0,-1,1,1,0,1,1,1,1,1,1,0,-1,1,0,1,1.0
741,8369,1,-1,1,-1,1,-1,1,1,-1,1,1,1,1,0,0,-1,1,-1,0,1,1,1,1,1,1,1,-1,1,0,1,1.0
742,377,1,-1,1,1,1,1,1,1,-1,1,1,1,1,1,-1,-1,1,1,0,1,1,1,1,1,1,0,1,1,0,1,1.0
743,8193,1,-1,-1,1,-1,-1,-1,-1,1,1,1,1,-1,-1,1,1,1,1,1,1,-1,1,1,1,1,-1,-1,1,1,1,0.0
744,5203,-1,-1,1,1,-1,1,1,1,-1,1,1,1,1,1,0,0,1,-1,0,1,1,1,1,-1,1,1,-1,1,0,1,1.0
745,7112,-1,1,1,1,1,1,-1,1,-1,1,1,1,1,1,0,-1,1,1,0,1,1,1,1,1,1,1,-1,1,1,1,1.0
746,2150,1,-1,1,1,1,-1,0,0,-1,1,1,1,1,-1,0,-1,1,1,0,1,1,1,1,1,1,1,-1,1,0,1,0.0
747,2982,1,-1,1,1,1,-1,1,1,-1,1,1,1,1,0,1,-1,-1,-1,0,1,1,1,1,1,1,1,-1,1,-1,-1,1.0
748,8577,-1,0,1,1,1,-1,0,1,-1,-1,1,-1,-1,-1,-1,-1,1,1,0,-1,1,-1,-1,1,1,1,-1,-1,0,-1,0.0
749,9015,1,-1,1,1,1,-1,-1,1,1,1,1,1,-1,1,0,0,1,1,0,1,1,1,1,1,1,1,-1,1,0,1,1.0
750,2650,1,-1,1,1,-1,-1,0,-1,1,1,1,1,-1,-1,0,-1,1,1,0,1,1,1,1,1,-1,1,-1,1,0,-1,0.0
751,3599,1,-1,1,1,1,-1,0,0,1,1,1,1,-1,-1,0,-1,1,1,0,1,1,1,1,1,-1,-1,-1,-1,0,-1,0.0
752,7185,-1,-1,1,1,1,-1,-1,1,-1,1,1,1,1,0,0,-1,1,1,0,1,1,1,1,-1,1,1,-1,1,0,1,1.0
753,10539,-1,1,1,1,1,-1,1,1,-1,1,1,1,1,1,-1,0,1,1,0,1,1,1,1,1,1,1,1,1,1,1,1.0
754,83,1,-1,1,1,1,1,-1,1,-1,1,1,1,1,0,0,-1,1,1,0,1,1,1,1,-1,-1,1,-1,1,-1,1,1.0
755,5343,1,-1,1,1,1,-1,0,1,-1,1,1,1,-1,-1,-1,1,-1,1,1,1,1,1,1,-1,1,-1,1,1,0,1,0.0
756,3189,-1,-1,-1,1,-1,1,1,1,1,1,1,-1,1,0,0,-1,1,1,0,1,1,1,1,1,1,1,-1,1,1,1,1.0
757,5660,-1,-1,1,-1,1,-1,0,-1,-1,-1,-1,1,1,1,-1,-1,-1,1,0,-1,-1,-1,-1,-1,1,0,1,1,0,1,0.0
758,8442,-1,-1,1,-1,1,-1,0,1,1,-1,-1,1,-1,-1,1,-1,-1,1,0,-1,1,-1,-1,1,1,1,-1,-1,1,1,0.0
759,7337,-1,-1,1,1,1,-1,1,0,-1,-1,-1,1,-1,-1,-1,-1,-1,1,0,1,1,-1,1,-1,1,1,-1,1,1,1,0.0
760,10282,-1,-1,1,1,1,-1,1,-1,1,1,1,1,1,0,-1,-1,1,1,0,1,1,1,1,1,1,0,-1,-1,1,1,0.0
761,3770,1,-1,1,1,1,-1,1,1,1,1,1,1,1,1,-1,-1,1,1,0,1,1,1,1,1,1,1,-1,1,0,1,1.0
762,8984,1,-1,1,1,1,-1,1,1,1,1,1,1,1,0,1,1,1,1,0,1,1,1,1,1,1,1,-1,1,0,-1,1.0
763,4368,1,-1,1,1,1,-1,-1,-1,-1,1,1,1,-1,-1,-1,-1,1,1,0,1,1,1,1,-1,1,0,-1,1,0,1,0.0
764,2166,1,1,1,1,1,-1,0,-1,-1,1,1,1,1,0,0,1,1,1,0,1,1,1,1,-1,1,1,-1,1,0,1,1.0
765,8205,-1,1,1,1,1,-1,-1,1,-1,1,1,1,1,1,-1,0,1,1,0,1,1,1,1,1,1,1,1,1,1,1,1.0
766,6841,-1,1,1,1,1,1,0,1,-1,1,1,1,1,1,0,-1,1,1,0,1,1,1,1,1,1,1,-1,1,1,1,1.0
767,2005,1,1,1,1,1,-1,-1,1,-1,1,1,1,1,0,1,1,1,1,0,1,1,1,1,1,1,1,-1,1,0,1,1.0
768,7258,1,-1,1,1,1,-1,0,1,-1,1,1,1,1,1,0,-1,1,1,0,1,1,1,1,-1,1,1,-1,1,0,1,1.0
769,7309,1,-1,1,1,1,-1,0,-1,1,1,1,1,1,-1,-1,-1,1,1,1,1,1,1,1,-1,1,-1,1,1,0,1,0.0
770,2347,1,-1,1,1,1,-1,1,-1,1,1,1,1,-1,0,-1,-1,1,1,0,1,1,1,1,1,-1,1,-1,1,1,1,0.0
771,9706,-1,-1,1,1,1,-1,-1,0,-1,1,1,1,-1,-1,-1,-1,1,1,0,1,1,1,1,1,1,0,-1,1,1,1,0.0
772,1636,1,-1,1,1,1,-1,-1,1,-1,-1,1,1,1,0,0,-1,1,1,0,1,1,-1,1,1,-1,1,1,1,1,1,1.0
773,6368,-1,-1,1,1,1,-1,1,1,-1,1,1,1,1,0,0,-1,1,1,0,1,1,1,1,-1,1,0,1,1,0,1,1.0
774,6215,-1,1,1,-1,1,-1,0,-1,1,1,1,1,1,-1,-1,-1,1,1,0,1,1,1,1,1,1,0,1,1,0,1,0.0
775,8784,-1,-1,1,1,1,-1,1,1,-1,-1,1,1,1,0,-1,1,1,1,0,-1,1,-1,1,1,1,1,-1,1,0,1,1.0
776,2020,1,-1,1,1,1,-1,1,1,-1,1,1,1,1,0,0,-1,1,1,0,1,1,1,1,1,1,0,-1,1,0,1,0.0
777,6187,-1,-1,-1,1,-1,1,1,1,1,1,1,-1,-1,0,0,-1,1,1,0,1,1,1,1,-1,-1,1,1,-1,1,1,1.0
778,11022,1,-1,1,1,1,-1,-1,-1,-1,-1,1,1,1,-1,1,-1,1,1,0,1,1,-1,1,1,1,0,-1,1,0,1,0.0
779,327,1,1,1,1,1,-1,0,0,1,1,1,1,-1,-1,0,1,1,1,0,1,1,1,1,1,-1,-1,-1,1,0,1,0.0
780,6241,1,1,-1,-1,-1,1,0,-1,-1,1,1,-1,1,1,1,-1,1,-1,1,1,1,1,1,1,-1,1,-1,-1,1,1,1.0
781,10524,1,-1,1,-1,1,-1,1,1,-1,-1,-1,1,1,1,1,-1,1,-1,0,-1,1,-1,1,1,1,0,-1,1,1,1,1.0
782,9408,1,-1,1,1,1,-1,1,1,1,1,1,1,-1,0,0,1,1,1,0,1,1,1,1,1,1,-1,-1,1,0,1,1.0
783,1760,1,-1,1,1,1,-1,0,0,-1,1,1,1,-1,-1,-1,-1,1,1,0,1,1,1,1,1,-1,-1,-1,1,1,1,0.0
784,5363,-1,-1,-1,-1,-1,-1,0,1,-1,1,1,-1,1,0,-1,-1,1,-1,0,1,1,1,1,-1,-1,1,-1,-1,1,1,1.0
785,2406,1,-1,1,1,1,-1,-1,1,-1,1,1,1,-1,0,1,-1,1,1,0,1,1,1,1,1,1,1,1,1,0,1,1.0
786,609,1,-1,1,1,1,-1,-1,-1,-1,1,1,1,1,0,0,-1,1,1,0,1,1,1,1,-1,1,1,-1,1,0,1,0.0
787,5882,-1,-1,1,1,1,-1,1,0,-1,1,1,1,-1,-1,0,0,1,1,0,1,1,1,1,-1,1,0,-1,1,1,-1,0.0
788,9299,-1,1,1,-1,1,1,1,1,1,-1,-1,1,-1,0,-1,1,-1,1,0,-1,-1,-1,-1,1,1,1,1,1,1,1,1.0
789,4435,1,-1,1,1,1,-1,-1,1,-1,1,1,1,1,0,0,-1,1,1,0,1,1,1,1,-1,1,0,-1,1,0,1,1.0
790,4009,1,-1,1,-1,1,-1,-1,-1,1,1,1,1,-1,-1,0,-1,1,1,0,1,1,1,1,1,-1,-1,1,1,1,1,0.0
791,6308,-1,-1,-1,-1,-1,1,1,1,-1,1,1,-1,1,1,1,-1,-1,-1,0,1,1,1,1,-1,-1,1,-1,1,0,1,1.0
792,5933,1,-1,1,-1,1,-1,0,1,-1,-1,-1,1,1,1,0,-1,-1,1,0,-1,-1,-1,-1,-1,1,1,-1,1,0,1,1.0
793,136,1,-1,1,1,-1,-1,1,1,-1,1,1,1,1,1,0,-1,1,1,1,1,1,1,1,1,1,1,1,1,-1,1,1.0
794,1051,1,-1,1,1,1,-1,-1,-1,1,1,1,1,-1,-1,0,-1,1,1,0,1,1,1,1,1,-1,-1,-1,1,0,1,0.0
795,10840,-1,1,-1,-1,-1,1,1,1,-1,1,1,-1,-1,0,1,-1,1,-1,1,1,1,1,1,1,-1,1,1,1,1,1,1.0
796,6023,-1,-1,-1,1,-1,-1,0,1,-1,1,1,-1,1,1,-1,-1,1,-1,0,1,1,1,1,-1,-1,1,1,-1,1,1,1.0
797,2988,1,-1,1,1,1,-1,1,1,-1,1,1,-1,-1,1,0,-1,-1,-1,0,1,1,1,1,1,1,-1,-1,1,0,-1,1.0
798,9286,1,-1,-1,-1,-1,-1,-1,0,-1,1,1,-1,-1,-1,-1,0,1,-1,1,1,1,1,1,1,-1,1,-1,1,0,1,0.0
799,9117,-1,-1,1,-1,1,-1,1,-1,1,1,1,1,-1,0,-1,-1,1,1,0,1,1,1,1,1,1,1,-1,-1,1,1,0.0
800,3840,1,-1,1,1,1,-1,0,-1,-1,-1,1,1,1,-1,1,-1,1,1,0,1,1,-1,1,-1,1,-1,-1,1,0,1,0.0
801,6167,-1,1,1,-1,-1,-1,0,-1,-1,-1,-1,1,1,-1,-1,1,-1,-1,0,-1,1,-1,1,1,1,1,1,-1,-1,1,0.0
802,2947,1,-1,1,1,1,-1,0,0,1,1,1,1,-1,-1,-1,-1,1,1,0,1,1,1,1,1,-1,-1,-1,1,1,1,0.0
803,7793,-1,-1,1,1,1,-1,1,-1,-1,1,1,1,1,0,-1,-1,1,1,1,1,1,1,1,-1,1,0,1,1,0,1,0.0
804,331,1,1,1,1,1,-1,-1,1,-1,-1,1,1,1,0,1,1,1,1,0,1,1,-1,1,1,-1,1,-1,1,1,1,1.0
805,4069,-1,1,-1,1,-1,1,1,1,-1,1,1,-1,1,0,1,1,1,-1,1,1,1,1,1,1,-1,1,-1,1,1,-1,1.0
806,10376,1,1,1,1,1,-1,1,1,-1,1,1,1,1,0,0,0,1,1,0,1,1,1,1,1,1,-1,1,1,0,1,1.0
807,3132,1,-1,1,1,1,-1,1,1,1,-1,1,1,-1,1,-1,-1,1,1,0,1,1,-1,1,1,-1,1,-1,1,1,1,1.0
808,465,1,-1,1,1,1,1,-1,1,1,-1,-1,1,-1,1,0,-1,-1,1,0,1,1,-1,-1,-1,1,-1,-1,1,0,1,1.0
809,7227,-1,1,1,1,1,-1,1,0,1,1,1,1,-1,-1,0,-1,1,1,0,1,1,1,1,1,1,-1,-1,1,0,1,0.0
810,2658,1,-1,1,1,1,-1,1,1,-1,1,1,1,1,0,0,-1,1,-1,0,1,1,1,1,1,1,1,-1,1,0,-1,1.0
811,8232,-1,-1,1,1,1,-1,0,1,-1,1,1,1,-1,1,-1,1,1,-1,0,1,1,1,1,-1,1,0,-1,-1,1,1,1.0
812,5811,1,-1,1,1,1,-1,0,0,-1,1,1,1,-1,-1,-1,-1,1,1,0,1,1,1,1,-1,1,0,1,1,0,1,0.0
813,2072,1,-1,1,1,1,1,1,1,-1,1,1,1,1,1,1,-1,1,1,0,1,1,1,1,1,-1,-1,1,1,1,1,1.0
814,4561,1,-1,1,1,1,1,1,1,-1,1,1,1,1,1,1,-1,1,1,0,1,1,1,1,1,1,1,-1,1,0,1,1.0
815,6736,1,1,1,1,1,-1,1,1,-1,1,1,1,1,1,0,-1,1,1,0,1,1,1,1,1,1,1,-1,1,0,1,1.0
816,5425,1,-1,1,1,1,-1,1,1,-1,1,1,1,-1,1,1,1,1,1,0,1,1,1,1,-1,1,1,-1,1,0,-1,1.0
817,10987,1,-1,1,1,1,-1,1,1,1,1,1,1,-1,-1,-1,-1,1,1,0,1,1,1,1,1,1,1,-1,1,0,1,0.0
818,3721,1,1,1,1,1,-1,0,1,-1,-1,1,1,1,0,-1,1,1,1,0,-1,1,-1,1,-1,1,1,-1,1,0,1,1.0
819,3739,1,1,1,1,1,-1,1,1,-1,-1,1,-1,1,0,0,1,1,1,0,-1,1,-1,1,1,1,1,-1,1,-1,1,1.0
820,2252,1,-1,1,1,1,-1,-1,-1,-1,1,1,1,-1,0,-1,-1,1,1,0,1,1,1,1,-1,-1,0,-1,-1,1,1,0.0
821,6004,-1,1,1,1,1,-1,1,1,1,1,1,1,1,0,0,-1,1,1,0,1,1,1,1,1,1,0,-1,1,1,1,1.0
822,2506,1,-1,-1,1,1,-1,-1,1,1,-1,-1,1,-1,1,1,-1,1,1,0,-1,-1,-1,-1,1,-1,1,-1,1,1,-1,1.0
823,5555,-1,-1,1,-1,1,-1,0,-1,1,1,1,1,-1,-1,-1,-1,1,1,1,1,1,1,1,-1,1,-1,1,1,0,-1,0.0
824,8147,1,-1,1,1,1,-1,0,1,-1,1,1,1,1,0,1,-1,1,1,0,1,1,1,1,-1,1,1,-1,1,0,1,1.0
825,2003,1,1,1,1,1,-1,0,1,-1,1,1,1,1,0,1,1,1,1,0,1,1,1,1,-1,1,1,-1,1,0,1,1.0
826,10120,1,-1,1,-1,1,-1,1,1,1,-1,-1,1,-1,1,-1,-1,-1,1,0,-1,1,-1,-1,1,1,1,-1,1,0,1,1.0
827,3384,1,-1,1,1,1,-1,1,1,-1,1,1,1,1,0,1,-1,1,1,0,1,1,1,1,1,1,1,-1,1,0,1,1.0
828,6734,-1,1,-1,-1,-1,-1,1,0,-1,1,1,-1,1,-1,-1,-1,1,-1,0,1,1,1,1,1,-1,-1,1,-1,1,1,0.0
829,5317,-1,-1,1,1,1,-1,1,0,-1,1,1,1,1,0,-1,-1,1,1,0,1,1,1,1,-1,1,1,1,1,1,1,0.0
830,2164,1,-1,1,1,1,-1,1,1,1,1,1,1,-1,1,0,-1,1,1,0,1,1,1,1,1,1,1,1,1,0,1,1.0
831,3916,-1,1,-1,1,-1,-1,1,1,-1,1,1,-1,1,0,0,1,1,-1,1,1,1,1,1,1,-1,0,-1,1,1,1,0.0
832,647,1,1,1,1,1,-1,-1,-1,-1,1,1,1,-1,-1,0,1,1,1,0,1,1,1,1,-1,1,-1,-1,1,0,1,0.0
833,4576,-1,-1,-1,1,-1,-1,-1,1,-1,1,1,-1,1,1,0,-1,-1,-1,1,1,1,1,1,-1,-1,1,-1,1,-1,-1,1.0
834,3703,1,-1,1,1,1,-1,-1,-1,1,1,1,1,1,0,0,-1,1,1,0,1,1,1,1,-1,1,1,-1,1,1,1,0.0
835,505,1,-1,1,1,1,-1,-1,1,1,1,1,1,1,0,0,-1,1,1,0,1,1,1,1,1,1,1,-1,1,0,1,1.0
836,5708,1,-1,1,1,1,-1,1,1,-1,1,1,1,-1,0,1,1,1,1,0,1,1,1,1,-1,1,1,1,1,0,1,1.0
837,3906,1,-1,1,1,1,-1,-1,1,-1,1,1,1,1,0,1,-1,1,1,0,1,1,1,1,1,1,1,1,1,0,1,1.0
838,6735,1,1,1,1,1,1,0,1,-1,1,1,1,1,0,-1,-1,1,1,1,1,1,1,1,1,1,0,-1,1,0,1,1.0
839,10169,-1,-1,-1,-1,-1,-1,0,-1,-1,-1,-1,-1,-1,-1,1,-1,-1,-1,1,-1,1,-1,1,1,-1,0,-1,1,1,1,0.0
840,7864,1,1,-1,-1,-1,1,0,-1,-1,1,1,-1,1,1,1,-1,1,-1,1,1,1,1,1,1,-1,1,-1,-1,1,1,1.0
841,10426,1,-1,1,1,1,-1,1,1,1,1,1,1,-1,0,-1,-1,1,1,0,1,1,1,1,-1,1,0,-1,1,0,1,1.0
842,5122,1,-1,1,1,1,-1,-1,1,-1,-1,1,1,1,0,0,-1,1,1,0,1,1,-1,1,1,1,0,-1,-1,0,1,1.0
843,385,1,-1,1,1,1,-1,0,-1,-1,1,1,1,1,0,0,-1,1,1,0,1,1,1,1,-1,1,1,-1,1,0,1,1.0
844,7592,1,1,1,1,1,-1,0,1,-1,1,1,1,1,0,1,1,1,-1,0,1,1,1,1,-1,1,1,1,1,0,1,1.0
845,5168,1,1,1,1,1,-1,1,1,1,1,1,1,-1,1,1,0,1,1,0,1,1,1,1,-1,1,1,1,1,0,-1,1.0
846,3702,1,-1,1,1,1,-1,-1,-1,-1,1,1,1,1,0,0,-1,-1,1,0,1,1,1,1,-1,-1,1,-1,1,0,1,0.0
847,2944,1,-1,1,1,1,-1,0,-1,-1,1,1,1,1,-1,0,-1,1,1,0,1,1,1,1,-1,-1,0,-1,1,1,1,0.0
848,9291,-1,-1,1,1,1,-1,1,1,1,1,1,1,-1,0,0,0,1,1,0,1,1,1,1,1,1,1,-1,1,0,1,1.0
849,3937,1,-1,1,-1,1,-1,1,1,-1,1,1,1,1,0,1,-1,1,1,0,1,1,1,1,1,1,1,1,1,0,1,1.0
850,1280,1,1,1,1,1,-1,1,1,-1,-1,1,1,1,0,0,1,1,1,0,-1,1,-1,-1,1,-1,0,-1,1,0,1,1.0
851,7058,-1,-1,1,1,1,-1,-1,1,-1,1,1,1,1,0,1,-1,1,1,0,1,1,1,1,-1,1,1,-1,1,1,1,1.0
852,10379,-1,-1,1,1,1,-1,1,1,-1,-1,1,-1,1,1,-1,-1,1,1,0,-1,1,-1,1,1,1,-1,-1,1,-1,1,1.0
853,2531,1,-1,1,1,1,-1,1,1,-1,-1,-1,1,1,0,0,-1,1,1,0,1,1,-1,1,1,1,0,-1,-1,0,-1,1.0
854,871,1,-1,1,1,1,-1,1,1,1,1,1,1,-1,0,-1,-1,1,1,0,1,1,1,1,1,1,1,1,-1,0,1,1.0
855,10115,-1,-1,-1,1,-1,-1,-1,1,1,1,1,-1,-1,0,1,-1,1,-1,1,1,1,1,1,1,-1,1,-1,1,0,1,1.0
856,9444,-1,-1,-1,-1,1,-1,-1,0,-1,1,1,-1,-1,-1,1,-1,-1,-1,0,1,1,1,1,1,-1,-1,-1,1,0,1,0.0
857,9620,-1,-1,-1,-1,-1,1,1,1,-1,1,1,-1,1,0,0,-1,1,-1,1,1,1,1,1,1,-1,1,-1,1,1,1,1.0
858,3961,1,-1,1,1,1,-1,0,1,-1,-1,-1,1,1,1,-1,-1,-1,1,0,-1,1,-1,1,-1,-1,1,-1,1,1,-1,1.0
859,9829,-1,-1,1,1,1,-1,1,1,-1,1,1,1,1,0,-1,-1,1,1,0,1,1,1,1,1,1,-1,-1,-1,1,1,1.0
860,837,1,1,1,1,1,-1,-1,-1,-1,1,1,1,1,-1,-1,1,1,1,0,1,1,1,1,-1,-1,-1,-1,-1,1,1,0.0
861,849,1,-1,1,1,1,-1,0,0,1,1,1,1,-1,-1,-1,-1,1,1,0,1,1,1,1,1,1,-1,-1,1,0,1,0.0
862,916,1,-1,1,1,1,-1,-1,-1,1,1,1,1,-1,0,-1,-1,1,1,0,1,1,1,1,1,1,0,-1,-1,0,1,0.0
863,943,1,-1,1,1,1,-1,0,0,1,1,1,1,-1,0,0,-1,1,1,0,1,1,1,1,1,-1,-1,1,-1,1,1,0.0
864,6634,1,-1,1,1,1,-1,1,1,-1,1,1,1,1,0,-1,-1,1,1,0,1,1,1,1,-1,1,1,-1,1,0,1,1.0
865,3033,1,-1,1,-1,1,1,-1,1,-1,1,1,1,1,1,1,-1,1,1,0,1,1,1,1,1,1,1,-1,1,0,1,1.0
866,4387,1,-1,1,1,1,-1,-1,1,-1,1,1,1,-1,1,1,-1,1,1,0,1,1,1,1,1,1,1,-1,1,0,1,1.0
867,879,1,-1,1,1,1,-1,-1,-1,1,1,1,1,-1,-1,-1,-1,1,1,0,1,1,1,1,1,1,-1,-1,1,0,1,0.0
868,5580,-1,-1,-1,1,-1,-1,1,1,1,1,1,-1,1,0,1,-1,1,-1,0,1,1,1,1,-1,-1,1,1,-1,1,1,1.0
869,3581,1,-1,1,1,1,-1,0,0,-1,1,1,1,1,-1,0,-1,1,1,0,1,1,1,1,1,-1,-1,-1,1,0,1,0.0
870,5688,-1,-1,1,1,1,-1,-1,1,-1,1,1,1,1,0,0,-1,1,1,1,1,1,1,1,-1,1,0,1,1,1,1,1.0
871,10082,1,1,1,1,1,-1,1,1,-1,1,1,1,-1,0,1,1,1,1,0,1,1,1,1,1,1,1,1,1,0,-1,1.0
872,6257,1,0,1,1,1,-1,0,-1,1,1,1,-1,-1,0,-1,-1,1,1,1,1,1,1,1,-1,1,0,1,1,0,-1,0.0
873,2027,-1,-1,-1,1,-1,-1,1,-1,-1,1,1,-1,1,0,0,-1,1,-1,1,1,1,1,1,1,-1,1,1,1,1,1,1.0
874,4924,1,-1,-1,1,1,-1,-1,1,1,1,1,1,1,0,0,-1,1,1,0,1,1,1,1,1,1,1,-1,1,0,-1,1.0
875,5287,-1,-1,1,-1,1,-1,1,0,1,1,1,1,-1,-1,-1,1,1,1,0,1,1,1,1,-1,1,-1,1,1,1,1,0.0
876,8069,-1,-1,1,1,1,-1,1,1,-1,1,1,1,1,0,-1,-1,1,1,0,1,1,1,1,-1,1,1,1,1,0,1,1.0
877,10973,-1,1,1,1,1,-1,-1,-1,-1,1,1,1,1,-1,1,-1,1,1,0,1,1,1,1,1,1,0,1,1,1,1,0.0
878,9941,1,-1,1,1,1,-1,-1,1,1,1,1,1,-1,0,0,0,1,1,0,1,1,1,1,-1,1,-1,-1,1,0,-1,1.0
879,2156,-1,-1,-1,1,-1,-1,-1,-1,-1,-1,-1,-1,-1,-1,1,-1,-1,-1,1,-1,-1,-1,-1,1,-1,1,-1,1,1,-1,0.0
880,1673,1,-1,1,1,1,-1,0,0,-1,1,1,1,1,-1,-1,-1,1,1,0,1,1,1,1,1,-1,0,-1,1,0,1,0.0
881,7838,-1,1,1,-1,1,-1,0,-1,1,1,1,1,1,-1,-1,-1,1,1,0,1,1,1,1,1,1,0,1,1,0,1,0.0
882,4636,1,-1,1,1,1,-1,1,1,-1,1,1,1,-1,0,0,-1,1,1,0,1,1,1,1,1,1,1,-1,1,0,1,1.0
883,9485,-1,1,1,1,1,-1,-1,-1,-1,1,1,1,1,-1,-1,-1,1,1,0,1,1,1,1,1,1,1,1,1,1,1,0.0
884,8975,-1,1,1,1,1,1,-1,1,-1,1,1,1,1,1,0,-1,1,1,0,1,1,1,1,1,1,1,1,1,1,1,1.0
885,2467,1,1,1,1,1,-1,-1,1,-1,1,1,1,1,0,0,-1,1,-1,0,1,1,1,1,-1,1,1,-1,-1,0,1,1.0
886,7122,1,-1,1,1,1,-1,1,1,-1,1,1,1,1,0,0,-1,1,1,0,1,1,1,1,-1,1,1,-1,1,0,1,1.0
887,5684,-1,1,-1,-1,-1,-1,-1,1,1,-1,1,-1,-1,1,1,1,1,-1,0,1,1,-1,1,1,-1,1,1,-1,1,1,1.0
888,386,-1,-1,-1,1,-1,-1,-1,1,1,1,1,-1,-1,1,1,-1,1,-1,1,1,1,1,1,1,-1,1,-1,1,1,-1,1.0
889,8829,1,1,-1,1,-1,-1,-1,0,-1,1,1,-1,-1,-1,1,-1,1,-1,1,1,1,1,1,1,-1,0,1,1,0,1,0.0
890,3316,1,-1,1,1,1,-1,0,0,-1,1,1,1,1,-1,0,-1,1,1,0,1,1,1,1,1,1,-1,-1,1,0,1,0.0
891,3919,1,-1,1,1,1,-1,-1,1,1,1,1,1,-1,-1,-1,-1,1,1,0,1,1,1,1,-1,1,1,-1,1,0,1,0.0
892,878,1,-1,1,1,1,-1,-1,-1,-1,1,1,1,1,-1,0,-1,1,1,0,1,1,1,1,-1,-1,-1,-1,1,0,1,0.0
893,10613,-1,-1,1,-1,1,1,1,1,-1,-1,-1,1,-1,1,1,-1,-1,1,0,-1,-1,-1,-1,1,1,-1,-1,1,1,1,1.0
894,10231,1,-1,1,1,1,-1,1,1,-1,1,1,1,-1,0,0,0,1,1,0,1,1,1,1,1,1,1,-1,1,0,1,1.0
895,1260,1,-1,1,1,1,-1,-1,1,-1,-1,1,-1,1,0,-1,-1,-1,-1,0,-1,1,-1,-1,1,-1,1,1,1,0,-1,1.0
896,9505,-1,-1,1,1,1,-1,1,-1,1,1,1,1,1,0,0,-1,1,1,0,1,1,1,1,1,1,1,-1,1,1,1,0.0
897,4966,1,-1,1,1,1,1,-1,1,-1,1,1,1,1,1,0,-1,1,1,0,1,1,1,1,-1,1,1,-1,1,0,1,1.0
898,8063,1,-1,1,1,1,-1,1,1,1,1,1,1,1,1,-1,-1,1,1,0,1,1,1,1,-1,1,1,1,1,0,1,1.0
899,587,1,-1,1,1,1,-1,-1,1,-1,1,1,1,1,1,0,-1,1,1,0,1,1,1,1,-1,1,1,1,-1,0,1,1.0
900,5760,-1,-1,1,1,1,-1,1,1,-1,1,1,1,1,1,-1,1,1,1,1,1,1,1,1,-1,1,1,1,1,1,1,1.0
901,8211,-1,1,-1,1,-1,-1,-1,0,-1,1,1,1,-1,1,-1,-1,-1,1,0,1,1,1,1,1,1,1,-1,-1,1,-1,0.0
902,4506,1,-1,1,1,1,-1,0,1,-1,1,1,1,1,1,0,-1,1,1,0,1,1,1,1,1,1,1,-1,1,-1,1,1.0
903,9450,1,1,1,1,1,-1,0,1,-1,1,1,1,1,0,-1,-1,-1,1,0,1,1,1,1,1,1,1,1,-1,0,1,1.0
904,8812,-1,-1,1,-1,1,-1,0,-1,1,-1,-1,-1,-1,-1,-1,-1,-1,-1,0,-1,1,-1,1,1,1,0,-1,1,0,1,0.0
905,3546,1,-1,1,1,1,1,0,1,1,1,1,1,-1,1,-1,-1,1,1,0,1,1,1,1,-1,-1,1,1,1,1,1,1.0
906,6654,-1,-1,1,-1,1,-1,1,1,-1,-1,-1,1,1,1,1,-1,-1,1,0,-1,1,-1,-1,-1,1,1,1,1,1,1,1.0
907,9717,1,-1,1,1,1,1,1,1,-1,1,1,1,1,1,1,-1,1,1,0,1,1,1,1,1,1,1,-1,1,0,-1,1.0
908,11008,1,-1,1,1,1,-1,1,1,-1,1,1,1,1,1,0,-1,1,1,0,1,1,1,1,1,1,1,-1,1,-1,1,1.0
909,2119,1,-1,1,1,1,-1,0,1,-1,1,1,1,1,1,0,-1,1,1,0,1,1,1,1,-1,1,1,-1,1,0,1,1.0
910,4633,1,-1,1,1,1,-1,0,0,1,-1,-1,1,-1,-1,-1,-1,-1,1,0,-1,-1,-1,-1,1,-1,1,-1,-1,1,-1,0.0
911,8455,1,-1,1,-1,1,-1,1,1,-1,1,1,1,1,0,-1,-1,1,1,0,1,1,1,1,1,1,-1,-1,1,0,1,1.0
912,3977,1,-1,1,1,-1,-1,1,-1,-1,-1,-1,-1,1,0,-1,-1,-1,-1,0,-1,1,-1,1,1,-1,0,-1,1,-1,-1,0.0
913,5868,-1,-1,1,1,1,-1,-1,1,1,1,1,1,-1,0,0,0,1,1,0,1,1,1,1,-1,1,1,1,1,0,1,1.0
914,10052,-1,1,1,1,1,-1,-1,-1,-1,1,1,1,1,-1,0,-1,1,1,0,1,1,1,1,-1,1,0,1,-1,1,-1,0.0
915,7976,1,-1,1,1,1,-1,0,-1,-1,1,1,1,1,-1,0,-1,1,1,0,1,1,1,1,-1,1,-1,-1,1,0,1,0.0
916,3622,1,-1,1,1,1,-1,0,0,1,1,1,1,-1,-1,0,-1,1,1,0,1,1,1,1,1,1,1,-1,1,0,1,0.0
917,1713,1,-1,1,1,1,-1,0,-1,1,1,1,1,-1,0,1,-1,1,1,0,1,1,1,1,-1,1,1,-1,1,0,1,1.0
918,2533,1,-1,1,1,-1,1,-1,1,-1,1,1,1,1,1,0,-1,1,-1,0,1,1,1,1,1,-1,1,-1,1,0,1,1.0
919,6158,1,-1,1,1,1,1,0,1,-1,-1,1,1,1,1,0,-1,1,1,1,1,1,-1,1,-1,1,1,-1,1,0,1,1.0
920,8365,-1,-1,1,-1,1,-1,1,1,-1,-1,-1,1,1,1,-1,-1,-1,1,0,-1,-1,-1,-1,1,1,1,-1,1,1,1,1.0
921,3379,-1,-1,-1,1,-1,-1,1,1,1,1,1,-1,-1,0,1,-1,1,-1,1,1,1,1,1,1,1,-1,-1,1,0,1,1.0
922,9177,1,-1,1,1,1,1,1,1,-1,-1,1,1,1,1,0,-1,1,1,0,1,1,-1,1,1,1,-1,-1,-1,0,1,1.0
923,9893,1,-1,1,1,1,-1,-1,-1,-1,1,1,1,1,-1,0,-1,1,1,0,1,1,1,1,1,1,0,-1,1,-1,1,0.0
924,9267,1,1,1,1,1,-1,1,1,-1,1,1,1,1,1,1,-1,1,1,0,1,1,1,1,1,1,-1,1,1,0,-1,1.0
925,2510,1,-1,1,1,1,1,-1,1,-1,1,1,1,1,1,0,-1,1,1,0,1,1,1,1,-1,1,1,-1,1,0,1,1.0
926,63,1,1,1,1,1,1,0,1,-1,1,1,1,1,0,0,1,-1,-1,0,1,1,1,1,-1,1,0,-1,1,0,-1,1.0
927,8638,-1,-1,1,1,1,-1,-1,-1,-1,1,1,1,-1,0,-1,1,1,1,0,1,1,1,1,1,1,1,-1,-1,1,1,0.0
928,8495,1,1,-1,-1,-1,-1,1,-1,-1,1,1,-1,1,1,1,-1,1,-1,1,-1,1,-1,1,1,-1,1,1,1,0,1,0.0
929,8230,1,1,1,1,1,-1,1,1,-1,-1,-1,1,1,1,0,0,1,-1,0,-1,1,-1,1,1,1,-1,1,1,1,1,1.0
930,10529,-1,-1,-1,-1,-1,-1,1,-1,1,1,1,-1,-1,-1,1,-1,1,-1,0,-1,1,-1,-1,1,1,0,-1,-1,1,1,0.0
931,1577,1,-1,1,1,1,1,1,1,-1,-1,1,1,1,0,1,-1,1,1,0,1,1,-1,1,1,-1,1,-1,1,1,1,1.0
932,9695,-1,-1,1,1,1,-1,-1,0,1,1,1,1,-1,-1,0,1,1,1,0,1,1,1,1,1,1,0,-1,1,0,1,0.0
933,10135,-1,-1,1,1,1,-1,1,0,-1,-1,-1,1,-1,-1,-1,-1,-1,1,0,1,1,-1,1,1,1,0,-1,1,1,1,0.0
934,4642,1,-1,1,1,1,-1,0,1,-1,1,1,1,-1,0,-1,-1,1,1,0,1,1,1,1,1,-1,1,-1,1,1,1,1.0
935,6409,1,1,1,1,1,-1,1,1,-1,-1,1,-1,1,0,0,-1,1,1,0,-1,1,-1,1,1,1,1,1,1,-1,1,1.0
936,7333,-1,1,1,1,1,-1,1,1,-1,-1,1,1,1,0,1,-1,1,1,0,1,1,-1,1,1,1,1,-1,1,1,1,1.0
937,654,1,-1,1,1,1,-1,-1,-1,1,1,1,1,-1,0,-1,-1,1,1,0,1,1,1,1,1,-1,1,-1,1,1,1,1.0
938,737,1,-1,1,1,1,-1,1,1,-1,1,1,1,1,0,0,-1,1,1,0,1,1,1,1,1,1,0,-1,1,0,1,1.0
939,1474,1,-1,1,1,1,-1,0,-1,1,1,1,1,1,0,-1,-1,1,1,0,1,1,1,1,-1,-1,0,-1,-1,0,1,0.0
940,492,-1,-1,-1,1,-1,-1,0,1,-1,1,1,-1,1,0,1,-1,1,-1,1,1,1,1,1,1,-1,1,1,1,1,1,1.0
941,5642,-1,-1,1,-1,1,-1,0,-1,1,1,1,1,-1,-1,-1,-1,1,1,0,1,1,1,1,-1,1,0,-1,1,0,1,0.0
942,10865,1,-1,1,1,1,-1,-1,-1,-1,1,1,1,1,-1,0,-1,1,1,0,1,1,1,1,1,1,0,-1,1,0,1,0.0
943,9311,1,-1,1,1,1,-1,1,0,1,1,1,1,-1,-1,0,-1,1,1,0,1,1,1,1,1,1,0,-1,1,0,1,0.0
944,1775,1,-1,1,1,1,-1,0,1,-1,1,1,1,1,0,-1,-1,1,1,0,1,1,1,1,-1,1,1,1,1,0,1,1.0
945,3602,1,-1,1,1,1,-1,1,1,1,1,1,1,-1,0,0,-1,1,1,0,1,1,1,1,1,-1,1,-1,1,0,1,1.0
946,1376,1,-1,1,1,1,-1,0,1,1,1,1,1,-1,0,1,-1,-1,1,0,1,1,1,1,-1,-1,-1,-1,1,1,1,1.0
947,9946,1,-1,1,1,1,-1,0,1,-1,1,1,1,-1,1,-1,1,1,1,0,1,1,1,1,-1,1,0,-1,-1,0,1,1.0
948,11054,-1,-1,1,1,1,-1,-1,-1,1,-1,1,1,-1,-1,1,-1,1,1,0,-1,1,-1,1,1,1,1,-1,1,1,1,0.0
949,2165,-1,-1,-1,1,-1,-1,0,1,-1,1,1,-1,1,0,0,-1,1,-1,1,1,1,1,1,1,-1,1,-1,1,1,1,1.0
950,3388,1,1,1,1,1,1,-1,1,-1,1,1,1,1,1,0,1,1,1,0,1,1,1,1,-1,1,1,-1,1,0,1,1.0
951,2796,1,-1,1,-1,1,1,-1,1,-1,1,1,1,1,1,1,-1,1,1,0,1,1,1,1,1,1,1,-1,1,0,1,1.0
952,9710,-1,1,-1,-1,-1,1,1,1,-1,1,1,-1,1,0,-1,-1,1,-1,1,1,1,1,1,1,-1,0,1,1,1,1,1.0
953,10746,-1,-1,1,1,1,-1,-1,-1,-1,1,1,1,1,-1,1,0,1,1,0,1,1,1,1,1,1,0,-1,1,1,1,0.0
954,5523,1,1,1,1,1,-1,0,-1,-1,1,1,1,1,0,1,0,1,1,0,1,1,1,1,1,1,1,-1,1,0,-1,1.0
955,10898,-1,1,1,1,1,-1,0,-1,-1,1,1,1,1,-1,0,-1,1,1,0,1,1,1,1,-1,1,0,1,-1,1,1,0.0
956,1960,1,-1,1,1,1,-1,-1,-1,-1,1,1,1,1,-1,-1,-1,1,1,0,1,1,1,1,-1,-1,-1,-1,1,1,1,0.0
957,5446,1,-1,1,-1,1,1,1,1,-1,1,1,1,1,1,1,-1,1,1,0,1,1,1,1,-1,1,1,1,1,0,-1,1.0
958,5284,-1,-1,1,1,1,-1,1,0,-1,1,1,1,1,0,0,-1,1,1,0,1,1,1,1,-1,1,0,1,1,1,1,0.0
959,3078,1,-1,1,1,1,-1,-1,-1,-1,1,1,1,1,0,0,-1,1,1,0,1,1,1,1,-1,1,0,-1,1,0,-1,0.0
960,2484,1,-1,1,1,1,-1,0,1,-1,-1,-1,1,1,0,-1,-1,-1,1,0,-1,1,-1,-1,-1,-1,1,1,1,1,-1,1.0
961,4518,1,-1,1,1,1,-1,-1,1,1,1,1,1,1,0,0,-1,1,1,0,1,1,1,1,1,1,1,-1,1,0,1,1.0
962,4256,1,-1,1,1,1,-1,-1,-1,1,1,1,1,1,-1,0,-1,1,1,0,1,1,1,1,-1,-1,-1,-1,1,0,1,0.0
963,483,1,-1,1,1,1,-1,0,0,1,1,1,1,-1,-1,-1,-1,1,1,0,1,1,1,1,1,-1,0,-1,1,1,1,0.0
964,6264,-1,1,1,-1,1,-1,0,1,-1,-1,1,1,1,0,1,-1,1,-1,0,-1,1,-1,1,1,1,0,1,1,-1,1,0.0
965,5780,1,1,1,1,1,-1,1,1,-1,1,1,1,-1,0,1,1,1,1,0,1,1,1,1,1,1,1,1,1,0,-1,1.0
966,6051,1,1,1,-1,1,1,1,1,-1,-1,-1,1,1,1,-1,-1,-1,1,0,1,1,-1,-1,1,1,1,-1,1,0,1,1.0
967,3690,1,-1,1,1,1,-1,0,1,1,1,1,1,-1,0,1,-1,-1,1,0,1,1,1,1,-1,-1,-1,-1,1,1,1,1.0
968,10315,-1,-1,1,1,1,-1,0,-1,-1,1,1,1,-1,-1,-1,-1,1,1,0,1,1,1,1,-1,1,1,-1,1,0,1,0.0
969,3438,-1,-1,-1,1,-1,-1,0,1,1,1,1,-1,-1,1,-1,-1,1,-1,1,1,1,1,1,-1,-1,1,-1,1,1,-1,1.0
970,6864,1,-1,1,1,1,-1,1,0,1,1,1,1,-1,-1,0,-1,1,1,0,1,1,1,1,-1,1,-1,-1,1,0,-1,0.0
971,9613,1,-1,1,1,1,-1,1,1,1,1,1,1,1,1,1,1,1,1,0,1,1,1,1,1,1,-1,-1,1,0,1,1.0
972,4825,-1,-1,-1,1,1,-1,-1,1,1,1,1,-1,-1,0,-1,-1,-1,1,0,1,1,1,1,1,-1,1,-1,1,1,1,1.0
973,10801,1,-1,1,1,1,-1,1,1,-1,1,1,1,1,1,1,1,1,1,0,1,1,1,1,1,1,-1,-1,1,0,-1,1.0
974,6122,1,-1,1,1,1,1,1,1,-1,1,1,1,1,1,1,-1,1,1,0,1,1,1,1,-1,1,1,1,1,0,-1,1.0
975,5364,-1,-1,1,1,1,-1,0,-1,-1,1,1,1,-1,1,1,-1,1,1,0,1,1,1,1,-1,1,-1,1,1,1,1,0.0
976,1701,1,-1,1,1,1,-1,1,1,1,1,1,1,1,0,-1,-1,1,1,0,1,1,1,1,1,-1,0,-1,1,1,1,1.0
977,2010,1,-1,1,1,1,-1,1,1,-1,1,1,1,-1,1,0,-1,1,1,0,1,1,1,1,1,1,1,-1,1,0,1,1.0
978,1763,1,1,1,1,1,-1,0,0,-1,1,1,1,-1,-1,-1,1,1,1,0,1,1,1,1,1,-1,-1,-1,-1,1,1,0.0
979,2728,1,-1,1,1,1,-1,-1,1,-1,-1,1,1,1,0,0,-1,1,1,0,1,1,-1,1,1,-1,1,1,1,1,1,1.0
980,6988,1,-1,1,1,1,-1,1,1,-1,1,1,1,1,1,1,-1,1,1,0,1,1,1,1,-1,1,1,1,1,0,1,1.0
981,7558,1,1,1,1,1,-1,0,-1,-1,1,1,1,1,0,1,-1,1,1,0,1,1,1,1,1,1,1,-1,1,0,1,1.0
982,460,1,-1,1,1,1,-1,0,0,-1,1,1,1,1,-1,0,-1,1,1,0,1,1,1,1,1,1,-1,-1,1,0,1,0.0
983,4373,1,-1,1,-1,1,-1,1,1,-1,1,1,1,1,0,1,-1,1,1,0,1,1,1,1,1,1,1,1,1,0,1,1.0
984,2910,-1,-1,-1,1,-1,-1,1,1,1,1,1,-1,1,0,1,-1,1,-1,1,1,1,1,1,1,-1,1,-1,1,1,1,1.0
985,2578,1,-1,1,1,1,-1,1,-1,1,1,1,1,1,-1,0,-1,1,1,0,1,1,1,1,-1,-1,-1,-1,1,0,-1,0.0
986,2143,1,1,1,1,1,1,1,1,1,-1,-1,1,-1,0,-1,1,-1,1,0,-1,-1,-1,-1,1,-1,1,1,1,1,-1,1.0
987,9925,1,-1,1,1,1,-1,-1,0,-1,1,1,1,1,-1,-1,-1,1,1,0,1,1,1,1,1,1,0,-1,1,0,1,0.0
988,9873,1,-1,1,1,1,-1,1,1,-1,1,1,1,1,1,1,-1,1,1,0,1,1,1,1,1,1,1,-1,1,0,1,1.0
989,9543,1,-1,1,1,1,-1,1,1,-1,1,1,1,1,0,1,-1,1,1,0,1,1,1,1,-1,1,0,-1,1,0,1,1.0
990,9065,1,1,1,1,1,-1,1,0,-1,1,1,1,1,0,0,-1,1,1,0,1,1,1,1,1,1,1,-1,1,-1,1,1.0
991,9130,-1,-1,-1,1,-1,-1,1,1,-1,1,1,-1,1,0,0,0,1,-1,1,1,1,1,1,1,-1,-1,-1,1,1,1,1.0
992,6821,-1,-1,1,1,1,-1,-1,-1,-1,1,1,1,1,0,-1,1,1,1,0,1,1,1,1,-1,1,-1,1,1,1,1,0.0
993,1731,1,-1,1,1,1,-1,-1,1,-1,1,1,1,1,0,-1,-1,1,1,0,1,1,1,1,1,-1,0,-1,-1,1,1,1.0
994,1189,1,-1,1,1,1,1,1,1,1,1,1,1,-1,1,-1,-1,1,1,0,1,1,1,1,1,-1,-1,-1,1,1,1,1.0
995,9395,-1,-1,-1,1,-1,1,1,1,-1,1,1,-1,1,0,0,-1,1,-1,1,1,1,1,1,1,-1,-1,-1,1,1,1,1.0
996,1027,1,1,1,-1,1,1,1,1,1,1,1,1,-1,1,1,1,1,1,0,1,1,1,1,1,1,1,-1,1,0,1,1.0
997,7899,-1,-1,-1,1,-1,1,1,1,-1,1,1,-1,1,1,0,1,1,-1,0,1,1,1,1,-1,-1,1,1,-1,1,1,1.0
998,9020,-1,-1,1,1,1,-1,-1,0,1,1,1,1,-1,-1,-1,-1,1,1,0,1,1,1,1,1,1,0,-1,-1,0,1,0.0
999,6826,-1,-1,1,1,1,-1,0,1,1,1,1,1,1,0,0,-1,1,1,1,1,1,1,1,-1,1,0,1,1,1,1,1.0
1000,10121,1,-1,-1,1,-1,-1,1,1,-1,1,1,-1,-1,0,-1,0,1,-1,1,1,1,1,1,1,-1,1,-1,1,1,1,1.0
1001,8280,-1,-1,1,1,1,1,1,1,-1,1,1,1,1,1,0,-1,1,1,0,1,1,1,1,1,1,1,-1,1,1,1,1.0
1002,1639,1,-1,1,1,1,-1,1,1,-1,1,1,1,1,0,0,-1,1,1,0,1,1,1,1,1,1,1,-1,1,0,1,1.0
1003,669,1,-1,1,1,1,-1,-1,-1,-1,-1,-1,1,-1,-1,0,-1,-1,1,0,1,1,-1,1,-1,-1,-1,-1,1,0,-1,0.0
1004,7568,1,-1,1,1,1,-1,1,-1,1,1,1,1,-1,-1,-1,0,1,1,1,1,1,1,1,-1,1,-1,1,1,0,1,0.0
1005,3548,1,-1,1,1,1,-1,-1,1,-1,1,1,1,1,1,0,-1,1,1,0,1,1,1,1,-1,1,0,-1,1,0,1,1.0
1006,7586,-1,-1,1,-1,1,-1,1,-1,-1,1,1,-1,-1,-1,1,-1,1,-1,1,1,1,1,1,-1,1,0,1,1,-1,1,0.0
1007,195,1,-1,1,1,1,-1,-1,-1,-1,1,1,1,-1,-1,0,-1,1,1,0,1,1,1,1,-1,-1,0,-1,1,0,1,0.0
1008,7874,-1,-1,1,1,1,-1,0,0,-1,1,1,1,1,-1,0,-1,1,1,0,1,1,1,1,-1,1,-1,-1,1,0,1,0.0
1009,804,1,-1,1,1,1,-1,1,1,-1,1,1,1,1,1,0,-1,1,1,0,1,1,1,1,1,1,0,-1,1,0,1,1.0
1010,6377,-1,1,1,1,1,-1,-1,-1,-1,1,1,1,1,-1,0,-1,1,1,0,1,1,1,1,1,1,0,-1,1,1,1,0.0
1011,10510,-1,-1,1,-1,1,-1,1,1,-1,1,1,1,1,1,0,1,1,1,0,1,1,1,1,1,1,-1,-1,1,1,1,1.0
1012,881,1,-1,1,1,1,1,1,1,-1,-1,-1,1,1,1,0,-1,-1,1,0,-1,1,-1,-1,1,-1,1,-1,1,0,-1,1.0
1013,877,-1,-1,-1,1,-1,1,-1,1,-1,1,1,-1,1,1,-1,-1,1,-1,1,1,1,1,1,1,-1,1,-1,1,1,1,1.0
1014,4003,1,-1,1,1,1,-1,1,-1,-1,1,1,1,1,0,0,-1,1,1,0,1,1,-1,1,1,1,0,-1,1,1,1,1.0
1015,7483,-1,-1,-1,1,-1,1,1,1,-1,1,1,-1,1,1,-1,-1,1,-1,0,1,1,1,1,-1,-1,1,-1,-1,1,1,1.0
1016,3206,1,-1,1,1,1,-1,-1,-1,-1,-1,-1,-1,1,0,0,-1,-1,-1,0,-1,1,-1,1,-1,-1,0,-1,1,0,-1,0.0
1017,10766,-1,-1,1,1,1,-1,-1,1,1,1,1,1,-1,1,-1,-1,1,1,0,1,1,1,1,1,1,-1,-1,1,1,1,1.0
1018,8127,-1,-1,1,1,1,-1,0,-1,-1,1,1,1,-1,0,-1,-1,1,1,0,1,1,1,1,-1,1,1,1,1,1,1,0.0
1019,10250,1,-1,1,1,1,-1,1,1,-1,1,1,1,1,0,-1,1,1,1,0,1,1,1,1,1,1,1,-1,1,0,1,1.0
1020,7790,1,-1,1,-1,1,-1,1,-1,1,-1,-1,1,-1,-1,-1,-1,-1,1,0,-1,-1,-1,-1,-1,1,0,1,1,0,1,0.0
1021,9466,-1,-1,1,1,1,-1,0,-1,-1,1,1,-1,-1,0,-1,-1,1,1,0,1,1,1,1,1,1,1,-1,1,0,1,0.0
1022,302,1,-1,1,1,1,-1,0,-1,-1,1,1,1,1,-1,-1,-1,1,1,0,1,1,1,1,-1,-1,-1,-1,1,0,1,0.0
1023,752,1,-1,1,1,1,-1,-1,-1,-1,1,1,1,-1,0,-1,-1,1,1,0,1,1,1,1,1,1,-1,1,1,0,1,0.0
1024,7159,1,-1,1,1,1,-1,0,1,-1,1,1,1,-1,0,-1,-1,1,1,0,1,1,1,1,-1,1,1,1,1,0,1,0.0
1025,1498,-1,1,-1,1,-1,1,0,1,-1,1,1,-1,1,0,-1,1,1,-1,1,1,1,1,1,-1,-1,1,-1,1,1,-1,1.0
1026,10899,-1,-1,1,1,1,-1,1,1,1,1,1,1,1,0,-1,0,1,1,0,1,1,1,1,1,1,-1,-1,1,1,1,1.0
1027,8860,-1,1,1,1,1,-1,1,1,-1,-1,1,1,1,0,0,0,1,1,0,1,1,-1,1,1,1,1,1,1,1,1,1.0
1028,4666,1,-1,1,1,1,-1,0,0,1,1,1,1,-1,-1,1,-1,1,1,0,1,1,1,1,1,-1,-1,-1,1,1,1,0.0
1029,3931,-1,-1,-1,1,-1,1,1,1,-1,1,1,-1,1,0,0,-1,1,-1,1,1,1,1,1,1,-1,1,-1,1,1,-1,1.0
1030,9923,1,-1,1,1,1,-1,0,1,-1,1,1,1,1,0,-1,-1,1,1,0,1,1,1,1,1,1,0,-1,-1,0,1,0.0
1031,10228,-1,-1,1,-1,1,-1,1,0,1,-1,-1,1,-1,-1,-1,-1,-1,1,0,-1,-1,-1,-1,1,1,0,-1,-1,1,1,0.0
1032,7261,-1,1,-1,1,-1,-1,1,0,-1,1,1,-1,1,-1,0,-1,1,1,1,1,1,1,1,1,-1,1,-1,1,-1,1,0.0
1033,8995,1,-1,1,1,1,-1,-1,-1,1,1,1,1,1,-1,-1,-1,1,1,0,1,1,1,1,1,1,1,-1,1,0,1,0.0
1034,8971,-1,-1,1,1,1,-1,-1,-1,1,1,1,1,-1,-1,-1,-1,1,1,0,1,1,1,1,1,1,0,-1,1,0,1,0.0
1035,408,1,-1,1,1,1,-1,-1,1,-1,-1,1,1,1,0,0,-1,1,1,0,1,1,-1,1,1,-1,1,1,1,1,1,1.0
1036,10834,-1,-1,-1,1,-1,-1,1,-1,-1,-1,1,-1,1,-1,1,-1,1,1,1,-1,1,-1,1,1,-1,0,-1,1,-1,1,0.0
1037,7675,1,-1,1,1,-1,-1,1,-1,1,1,1,1,-1,-1,0,0,1,1,0,1,1,1,1,-1,1,-1,1,1,0,1,0.0
1038,10338,1,-1,1,1,1,-1,1,1,1,1,1,1,-1,0,0,-1,1,1,0,1,1,1,1,1,1,1,-1,1,0,1,1.0
1039,10903,1,1,1,1,1,-1,1,1,-1,-1,1,1,1,0,-1,0,1,1,0,-1,1,-1,1,-1,1,0,1,1,0,1,1.0
1040,2289,1,1,1,-1,1,-1,0,-1,-1,1,1,1,1,-1,0,1,1,1,0,1,1,1,1,-1,1,-1,-1,1,0,1,0.0
1041,1676,-1,-1,-1,1,-1,1,-1,1,-1,1,1,-1,1,0,0,-1,1,-1,1,1,1,1,1,-1,-1,1,-1,1,1,1,1.0
1042,8733,-1,-1,-1,1,-1,1,1,1,-1,1,1,-1,1,1,1,-1,1,-1,1,1,1,1,1,1,-1,1,-1,1,1,1,1.0
1043,1821,1,-1,1,1,1,-1,0,1,-1,1,1,1,-1,0,-1,-1,1,1,0,1,1,1,1,-1,1,1,1,1,0,1,1.0
1044,1119,1,-1,1,1,1,-1,1,-1,1,1,1,1,-1,0,-1,-1,1,1,0,1,1,1,1,1,-1,1,-1,1,1,1,0.0
1045,2646,1,-1,1,1,1,-1,-1,-1,1,1,1,1,-1,-1,-1,-1,1,1,0,1,1,1,1,1,-1,-1,-1,1,1,1,0.0
1046,1771,-1,1,-1,1,-1,-1,-1,1,-1,1,1,-1,1,0,-1,1,1,-1,1,1,1,1,1,1,-1,0,-1,1,1,1,1.0
1047,8871,-1,0,1,-1,1,-1,1,0,1,1,1,1,-1,-1,-1,-1,-1,-1,0,1,1,1,1,1,1,1,-1,1,1,1,0.0
1048,6501,1,-1,1,1,1,-1,-1,1,-1,1,1,1,1,0,-1,-1,1,1,0,1,1,1,1,-1,1,1,-1,1,0,1,1.0
1049,5432,-1,-1,1,1,1,-1,0,-1,1,1,1,1,-1,1,-1,-1,1,1,0,1,1,1,1,-1,1,0,1,1,0,1,0.0
1050,6402,1,-1,1,1,1,-1,1,1,-1,-1,1,1,1,0,0,-1,1,1,0,1,1,-1,1,-1,1,0,-1,1,0,1,1.0
1051,846,1,-1,1,-1,1,-1,1,1,1,1,1,1,-1,1,1,-1,1,1,0,1,1,1,1,1,1,1,-1,1,0,1,1.0
1052,7364,-1,-1,1,1,1,-1,0,-1,-1,1,1,1,1,-1,0,-1,1,1,0,1,1,1,1,-1,1,0,1,1,1,1,0.0
1053,266,1,-1,1,1,1,1,0,1,-1,-1,1,-1,1,1,-1,-1,-1,1,0,1,-1,-1,-1,-1,-1,1,-1,1,1,1,1.0
1054,4871,1,-1,1,1,1,1,1,1,-1,1,1,1,-1,0,-1,-1,-1,1,0,1,1,1,1,1,1,0,-1,1,0,1,1.0
1055,9245,-1,-1,-1,1,-1,-1,1,1,1,1,1,-1,-1,1,0,-1,1,-1,1,1,1,1,1,-1,-1,0,-1,1,1,1,1.0
1056,3198,1,-1,1,1,1,-1,0,1,1,1,1,1,-1,0,0,-1,1,1,0,1,1,1,1,-1,-1,1,-1,1,0,1,1.0
1057,1497,1,-1,1,-1,1,1,1,1,-1,1,1,1,1,1,1,-1,1,1,0,1,1,1,1,1,1,1,-1,1,0,1,1.0
1058,1879,1,-1,1,1,1,-1,0,0,1,1,1,1,-1,0,0,-1,1,1,0,1,1,1,1,1,-1,-1,-1,-1,0,1,0.0
1059,5704,-1,-1,1,1,1,-1,1,0,-1,1,1,1,1,0,-1,-1,1,1,0,1,1,1,1,-1,1,0,1,1,0,1,0.0
1060,2871,-1,1,-1,1,-1,-1,0,1,-1,1,1,-1,1,0,0,1,1,-1,1,1,1,1,1,1,-1,1,-1,1,1,-1,1.0
1061,6327,-1,1,-1,1,-1,-1,0,0,-1,1,1,-1,1,-1,1,0,1,-1,0,1,1,1,1,1,-1,1,-1,-1,1,1,0.0
1062,3792,1,1,1,1,1,-1,0,0,1,1,1,1,-1,-1,0,1,1,1,0,1,1,1,1,1,-1,-1,-1,1,0,1,0.0
1063,2197,1,1,1,1,1,-1,0,0,-1,1,1,1,1,-1,-1,1,1,1,0,1,1,1,1,1,-1,-1,-1,1,1,1,0.0
1064,8019,-1,-1,-1,1,-1,1,0,1,-1,1,1,-1,1,0,-1,-1,1,-1,0,1,1,1,1,-1,-1,1,1,-1,1,1,1.0
1065,2142,1,1,1,1,1,-1,0,0,-1,1,1,1,1,-1,0,1,1,1,0,1,1,1,1,1,-1,-1,-1,1,1,1,0.0
1066,4489,1,-1,1,1,1,-1,-1,1,-1,1,1,1,-1,0,-1,-1,1,1,0,1,1,1,1,-1,1,1,-1,1,0,1,0.0
1067,4279,-1,-1,-1,1,-1,-1,0,1,-1,1,1,-1,1,0,1,-1,1,-1,1,1,1,1,1,1,-1,1,1,1,1,1,1.0
1068,2666,1,-1,1,1,1,-1,-1,1,1,1,1,1,-1,0,0,-1,1,1,0,1,1,1,1,-1,-1,1,-1,1,1,1,1.0
1069,7692,-1,-1,1,1,1,-1,-1,-1,-1,1,1,-1,1,0,-1,-1,1,1,1,1,1,1,1,-1,1,0,-1,1,0,1,0.0
1070,5856,-1,-1,1,-1,1,-1,0,-1,-1,1,1,1,-1,-1,-1,-1,1,1,1,1,1,1,1,-1,1,-1,1,1,0,1,0.0
1071,4375,1,-1,1,1,1,1,0,1,1,1,1,1,-1,0,-1,-1,1,1,0,1,1,1,1,1,-1,1,1,1,1,1,1.0
1072,1152,1,-1,1,1,1,-1,1,1,1,1,1,1,-1,0,0,-1,1,1,0,1,1,1,1,1,-1,0,1,-1,0,1,1.0
1073,8086,-1,-1,1,1,1,-1,0,-1,1,1,1,1,-1,-1,1,-1,1,1,0,1,1,1,1,-1,1,-1,-1,1,1,1,0.0
1074,2606,1,-1,1,1,1,-1,-1,1,-1,1,1,1,1,0,0,-1,1,1,0,1,1,1,1,1,1,1,-1,1,0,1,1.0
1075,5394,-1,-1,-1,1,-1,-1,1,1,-1,1,1,-1,-1,0,-1,1,1,-1,1,1,1,1,1,1,-1,1,1,-1,1,1,1.0
1076,10928,1,-1,1,1,1,-1,0,1,-1,1,1,1,-1,0,-1,-1,1,1,0,1,1,1,1,1,1,1,-1,-1,0,1,0.0
1077,2898,1,-1,1,1,1,-1,-1,-1,1,1,1,1,-1,-1,-1,-1,1,1,0,1,1,1,1,-1,-1,0,-1,-1,0,1,0.0
1078,8675,1,-1,1,1,1,1,1,1,-1,1,1,1,1,1,0,-1,1,1,0,1,1,1,1,-1,1,-1,-1,1,0,1,1.0
1079,7233,-1,-1,1,1,1,-1,0,-1,-1,1,1,1,-1,-1,0,-1,-1,1,0,1,1,1,1,-1,1,-1,1,1,0,1,0.0
1080,5026,-1,-1,-1,1,-1,-1,0,1,1,1,1,-1,-1,0,1,-1,1,-1,1,1,1,1,1,1,1,1,-1,1,1,1,1.0
1081,7908,-1,-1,1,1,1,-1,1,0,-1,1,1,1,1,-1,-1,0,1,1,0,1,1,1,1,-1,1,0,-1,1,0,1,0.0
1082,3171,1,1,1,1,1,-1,1,1,-1,-1,1,1,1,0,0,1,1,1,0,1,1,-1,1,1,-1,1,-1,1,1,1,1.0
1083,9404,1,-1,1,1,1,-1,0,0,-1,1,1,1,-1,-1,0,-1,1,1,0,1,1,1,1,1,1,0,-1,1,0,1,0.0
1084,3952,1,-1,1,1,1,-1,0,1,-1,1,1,1,-1,1,0,-1,1,1,0,1,1,1,1,-1,1,1,-1,1,0,1,1.0
1085,3930,1,1,1,1,1,-1,0,0,-1,1,1,1,1,-1,0,1,1,1,0,1,1,1,1,1,1,-1,-1,1,0,1,0.0
1086,2095,-1,-1,-1,1,-1,-1,0,1,1,1,1,-1,-1,1,1,-1,1,-1,1,1,1,1,1,1,-1,1,-1,1,1,1,1.0
1087,6674,1,-1,1,1,1,-1,1,1,-1,1,1,1,1,0,0,0,1,1,0,1,1,1,1,-1,1,1,1,1,0,1,1.0
1088,3583,1,-1,1,1,1,-1,0,0,1,1,1,1,-1,-1,0,-1,1,1,0,1,1,1,1,1,-1,0,-1,1,1,1,0.0
1089,5896,1,1,1,1,1,-1,-1,1,-1,-1,1,1,1,0,-1,0,1,1,0,-1,1,-1,1,1,1,1,-1,1,0,1,1.0
1090,8073,1,-1,1,1,1,-1,0,1,-1,1,1,1,1,0,-1,-1,1,1,1,1,1,1,1,-1,1,0,1,1,0,1,0.0
1091,1849,1,-1,1,-1,1,1,1,1,-1,1,1,1,1,1,1,-1,1,1,0,1,1,1,1,1,1,1,1,1,0,1,1.0
1092,7815,-1,-1,1,1,1,-1,-1,1,1,1,1,1,-1,0,-1,-1,1,1,0,1,1,1,1,-1,1,1,1,1,1,1,1.0
1093,1347,1,-1,1,1,1,1,1,1,-1,1,1,1,-1,0,-1,-1,-1,1,0,1,1,1,1,1,1,0,-1,-1,0,1,1.0
1094,5853,-1,-1,1,1,1,-1,0,-1,1,1,1,1,-1,-1,0,-1,1,1,0,1,1,1,1,-1,1,-1,1,1,1,-1,0.0
1095,7564,-1,-1,1,1,1,-1,0,0,1,1,1,1,-1,-1,0,-1,1,1,0,1,1,1,1,-1,1,-1,-1,1,1,-1,0.0
1096,8397,1,-1,1,1,1,-1,1,1,-1,1,1,1,1,1,1,-1,1,1,0,1,1,1,1,1,1,0,-1,1,0,1,1.0
1097,9383,1,-1,-1,1,-1,-1,1,1,-1,1,1,-1,1,0,1,-1,1,-1,1,1,1,1,1,1,-1,-1,-1,1,1,1,1.0
1098,2912,1,-1,1,-1,1,-1,-1,-1,-1,1,1,1,1,-1,0,-1,1,1,0,1,1,1,1,1,-1,-1,-1,1,0,-1,0.0
1099,3923,1,-1,1,1,1,-1,0,1,-1,1,1,1,1,1,0,-1,1,1,0,1,1,1,1,-1,1,1,1,1,0,1,1.0
1100,7658,1,1,1,1,1,-1,-1,1,-1,1,1,1,1,0,-1,-1,1,1,0,1,1,1,1,1,1,1,-1,1,0,1,1.0
1101,1190,1,-1,1,1,1,-1,-1,1,1,1,1,1,1,0,1,-1,1,1,0,1,1,1,1,-1,-1,-1,-1,-1,1,1,1.0
1102,2890,1,0,1,1,1,-1,-1,1,-1,1,1,1,1,0,1,-1,-1,-1,0,1,1,1,1,1,1,1,-1,1,0,-1,1.0
1103,2031,1,-1,1,1,1,-1,-1,-1,1,1,1,1,-1,-1,-1,-1,1,1,0,1,1,1,1,-1,1,0,-1,1,0,1,0.0
1104,4670,1,-1,1,1,1,-1,0,1,-1,-1,-1,1,1,0,1,-1,-1,1,0,-1,-1,-1,-1,-1,-1,1,-1,1,1,-1,1.0
1105,9063,-1,1,1,-1,1,-1,-1,0,-1,1,1,1,1,-1,0,-1,1,1,0,1,1,1,1,1,1,1,1,1,1,1,0.0
1106,5118,1,-1,1,1,1,-1,-1,-1,1,1,1,1,-1,1,-1,-1,1,1,0,1,1,1,1,1,1,-1,-1,1,0,1,0.0
1107,5617,-1,-1,1,1,1,-1,0,0,1,1,1,1,-1,-1,-1,-1,1,1,0,1,1,1,1,-1,1,-1,-1,1,1,1,0.0
1108,436,-1,-1,-1,1,-1,1,-1,1,1,1,1,-1,-1,1,1,-1,1,-1,1,1,1,1,1,1,-1,1,-1,1,1,1,1.0
1109,8493,1,-1,1,1,1,1,0,1,-1,1,1,1,1,0,0,-1,1,1,0,1,1,1,1,1,1,1,-1,1,0,1,1.0
1110,5030,1,1,1,-1,1,-1,-1,-1,-1,1,1,1,1,0,1,1,1,1,0,1,1,1,1,1,1,1,-1,1,0,1,1.0
1111,1774,1,-1,1,1,1,-1,1,1,1,1,1,1,1,0,-1,-1,1,1,0,1,1,1,1,1,-1,1,1,1,1,1,1.0
1112,4023,1,-1,1,1,1,-1,-1,-1,1,1,1,1,1,0,0,-1,1,1,0,1,1,1,1,-1,-1,1,-1,-1,1,1,0.0
1113,10861,1,1,1,1,1,-1,0,-1,-1,1,1,1,1,-1,-1,-1,1,1,0,1,1,1,1,1,1,0,1,1,0,1,0.0
1114,3841,1,-1,1,1,1,-1,-1,-1,-1,-1,-1,1,1,-1,0,-1,-1,1,0,-1,-1,-1,-1,-1,1,-1,-1,1,0,-1,0.0
1115,4084,1,-1,1,1,1,-1,-1,1,1,1,1,1,1,0,1,-1,1,1,0,1,1,1,1,-1,-1,-1,-1,1,1,1,1.0
1116,3111,1,-1,1,1,1,-1,-1,0,-1,1,1,1,-1,-1,-1,-1,1,1,0,1,1,1,1,-1,-1,0,-1,-1,0,1,0.0
1117,9761,-1,1,-1,-1,-1,-1,1,1,-1,1,1,-1,1,0,-1,-1,1,-1,1,1,1,1,1,1,-1,1,1,1,1,1,1.0
1118,2208,1,-1,1,1,1,-1,-1,1,-1,1,1,1,1,1,0,-1,1,1,0,1,1,1,1,1,-1,1,1,1,1,1,1.0
1119,10130,-1,-1,1,1,1,1,-1,1,1,1,1,1,-1,1,0,-1,-1,1,0,1,1,1,1,1,1,-1,-1,1,1,1,1.0
1120,5892,-1,-1,1,1,1,-1,0,-1,1,1,1,1,-1,-1,-1,-1,1,1,0,1,1,1,1,-1,1,0,1,1,1,1,0.0
1121,6891,1,-1,1,-1,1,-1,0,-1,1,-1,-1,1,-1,0,0,0,-1,1,0,-1,-1,-1,-1,-1,1,-1,-1,1,0,1,0.0
1122,6508,-1,-1,1,1,1,-1,1,0,-1,1,1,1,1,0,-1,0,1,1,0,1,1,1,1,-1,1,-1,-1,1,1,1,0.0
1123,6635,-1,-1,1,1,1,-1,0,-1,1,1,1,1,-1,-1,-1,-1,1,1,1,1,1,1,1,-1,1,-1,-1,1,1,1,0.0
1124,3705,1,-1,1,-1,1,-1,-1,-1,-1,-1,1,1,-1,-1,-1,-1,1,1,0,1,1,-1,1,-1,-1,1,-1,1,1,1,0.0
1125,5111,1,-1,1,1,1,-1,0,1,-1,1,1,1,1,0,1,-1,1,1,0,1,1,1,1,-1,-1,1,-1,1,1,1,1.0
1126,5314,-1,1,1,1,1,1,1,1,-1,1,1,1,1,1,0,-1,1,1,0,1,1,1,1,1,1,-1,-1,1,1,1,1.0
1127,2324,1,1,1,1,1,-1,-1,-1,1,1,1,1,-1,-1,0,1,1,1,0,1,1,1,1,-1,1,-1,-1,1,0,1,0.0
1128,5700,-1,-1,1,-1,1,-1,1,0,-1,-1,-1,1,1,-1,-1,-1,-1,1,0,-1,1,-1,1,-1,1,1,-1,1,1,1,0.0
1129,567,-1,1,-1,1,-1,-1,-1,1,-1,1,1,-1,1,1,-1,1,1,-1,1,1,1,1,1,-1,-1,1,-1,1,1,1,1.0
1130,6611,-1,-1,1,1,1,-1,0,-1,-1,1,1,1,-1,1,-1,-1,1,1,0,1,1,1,1,-1,1,0,1,1,0,1,0.0
1131,1529,1,1,1,-1,1,1,-1,1,-1,1,1,1,1,0,1,1,1,1,0,1,1,1,1,-1,-1,1,-1,1,0,1,1.0
1132,38,1,0,1,1,1,-1,-1,-1,1,-1,1,1,-1,-1,0,-1,1,1,0,-1,1,-1,1,-1,-1,0,-1,1,0,1,0.0
1133,884,-1,-1,-1,1,-1,-1,-1,1,-1,1,1,-1,1,0,0,-1,1,-1,1,1,1,1,1,1,-1,1,-1,1,1,1,1.0
1134,137,1,-1,1,1,1,-1,-1,-1,-1,1,1,1,1,0,-1,-1,1,1,0,1,1,1,1,-1,-1,1,-1,1,0,1,0.0
1135,2855,1,1,1,1,1,1,-1,1,-1,1,1,1,1,1,-1,1,-1,-1,0,1,1,1,1,1,-1,1,-1,1,1,-1,1.0
1136,3273,1,-1,1,1,1,1,0,1,1,1,1,1,-1,0,-1,-1,1,1,0,1,1,1,1,1,1,1,1,1,1,1,1.0
1137,681,1,1,1,1,1,-1,1,1,-1,1,1,1,1,1,0,1,1,1,0,1,1,1,1,1,1,1,-1,1,0,1,1.0
1138,872,1,-1,1,1,1,-1,0,1,-1,1,1,1,1,1,0,-1,1,1,0,1,1,1,1,-1,1,0,-1,1,0,1,1.0
1139,10383,1,-1,1,-1,1,-1,-1,-1,1,-1,-1,1,-1,-1,-1,-1,-1,1,0,-1,1,-1,-1,-1,1,0,-1,1,0,1,0.0
1140,9196,1,-1,1,1,1,-1,0,1,-1,1,1,1,1,0,-1,-1,1,1,0,1,1,1,1,1,1,1,-1,1,0,1,0.0
1141,9778,-1,-1,1,1,1,-1,1,1,-1,1,1,1,1,0,-1,-1,1,1,0,1,1,1,1,1,1,1,-1,1,-1,1,1.0
1142,8162,-1,-1,1,1,-1,-1,-1,-1,1,1,1,-1,-1,0,-1,-1,1,1,0,1,1,1,1,-1,1,1,1,-1,1,1,0.0
1143,3641,1,-1,1,1,1,-1,1,1,-1,1,1,1,1,0,1,-1,1,1,0,1,1,1,1,1,1,1,-1,1,0,1,1.0
1144,6798,-1,1,1,1,1,-1,-1,-1,-1,1,1,1,1,-1,0,-1,1,1,1,1,1,1,1,1,1,-1,-1,1,0,-1,0.0
1145,8941,1,-1,1,1,1,-1,1,1,1,1,1,1,-1,0,-1,1,1,1,0,1,1,1,1,1,1,1,-1,-1,0,1,1.0
1146,3848,1,-1,1,1,1,-1,-1,-1,-1,1,1,1,1,-1,-1,-1,1,1,0,1,1,1,1,-1,1,1,-1,1,0,1,0.0
1147,1735,1,-1,1,1,1,-1,0,1,-1,-1,-1,1,1,1,1,-1,-1,1,0,-1,1,-1,1,-1,-1,1,-1,1,1,-1,1.0
1148,2931,1,-1,1,1,1,-1,1,1,-1,-1,-1,1,-1,0,0,-1,-1,1,0,-1,-1,-1,-1,1,-1,1,-1,1,1,-1,1.0
1149,388,1,-1,1,1,1,-1,0,1,-1,1,1,1,-1,0,0,-1,1,1,0,1,1,1,1,1,-1,1,1,-1,1,1,1.0
1150,4298,1,-1,1,1,1,-1,0,1,-1,-1,-1,1,1,1,0,-1,-1,1,0,-1,-1,-1,-1,-1,-1,1,-1,1,1,-1,1.0
1151,6706,-1,1,1,1,1,-1,0,0,-1,1,1,1,1,-1,-1,-1,1,1,0,1,1,1,1,1,1,0,-1,1,0,1,0.0
1152,7529,1,-1,1,1,1,-1,0,-1,1,1,1,1,1,-1,0,-1,1,1,0,1,1,1,1,-1,1,-1,-1,1,0,1,0.0
1153,6288,-1,-1,1,1,1,-1,1,0,-1,1,1,1,1,-1,-1,-1,1,1,0,1,1,1,1,-1,1,-1,-1,1,1,1,0.0
1154,8996,1,-1,1,1,1,-1,1,-1,-1,1,1,1,-1,0,-1,-1,1,1,0,1,1,1,1,1,1,-1,-1,1,0,1,0.0
1155,2602,-1,-1,-1,1,-1,-1,0,-1,1,-1,-1,-1,-1,-1,1,-1,-1,-1,0,-1,-1,-1,-1,1,-1,-1,-1,1,1,-1,0.0
1156,7978,1,-1,1,1,1,1,-1,1,1,-1,-1,1,-1,1,0,-1,-1,1,0,1,1,-1,-1,-1,1,-1,-1,1,0,1,1.0
1157,339,1,-1,1,1,1,-1,-1,-1,1,1,1,1,-1,0,0,-1,1,1,0,1,1,1,1,-1,1,-1,1,1,0,1,0.0
1158,4162,1,-1,1,1,1,-1,1,1,1,1,1,1,-1,0,0,-1,1,1,0,1,1,1,1,1,1,1,-1,1,0,1,1.0
1159,7802,1,-1,1,1,1,-1,0,1,-1,1,1,1,-1,0,-1,1,1,1,0,1,1,1,1,-1,1,1,1,1,0,1,1.0
1160,10589,-1,1,1,1,1,-1,-1,-1,-1,1,1,1,1,-1,-1,-1,1,1,0,1,1,1,1,-1,1,1,1,1,0,1,0.0
1161,3134,1,-1,1,1,1,-1,1,1,-1,1,1,1,1,1,1,-1,1,1,0,1,1,1,1,1,1,1,-1,1,0,1,1.0
1162,598,1,-1,1,1,1,1,1,1,1,1,1,1,-1,1,0,-1,1,1,0,1,1,1,1,1,1,-1,-1,1,1,1,1.0
1163,2850,1,1,1,1,1,-1,-1,1,-1,-1,-1,1,1,0,-1,1,-1,1,0,-1,-1,-1,-1,1,-1,1,-1,1,1,-1,1.0
1164,7799,-1,-1,1,1,1,-1,0,-1,1,1,1,1,1,0,-1,-1,1,1,1,1,1,1,1,-1,1,0,-1,1,0,1,0.0
1165,5912,1,-1,1,1,1,-1,0,-1,1,1,1,1,-1,1,-1,-1,1,1,0,1,1,1,1,-1,1,-1,-1,1,0,1,0.0
1166,6506,-1,-1,1,-1,1,-1,0,-1,-1,-1,-1,1,1,-1,0,-1,-1,1,1,-1,1,-1,-1,-1,1,-1,-1,1,0,1,0.0
1167,4684,1,-1,1,1,1,-1,0,0,1,1,1,1,-1,-1,-1,-1,1,1,0,1,1,1,1,1,-1,1,-1,-1,0,1,0.0
1168,5775,-1,-1,1,1,1,-1,0,0,-1,1,1,1,-1,-1,-1,-1,1,1,0,1,1,1,1,-1,1,-1,-1,1,1,1,0.0
1169,4405,-1,1,-1,1,-1,-1,-1,1,-1,1,1,-1,1,0,0,1,1,-1,1,1,1,1,1,-1,-1,1,-1,1,1,1,1.0
1170,4510,1,-1,1,1,1,-1,0,0,1,1,1,1,1,-1,-1,-1,1,1,0,1,1,1,1,1,-1,-1,-1,1,0,1,0.0
1171,894,1,1,1,1,1,-1,-1,1,-1,1,1,1,-1,1,0,1,1,1,0,1,1,1,1,-1,-1,-1,-1,1,1,1,1.0
1172,5799,-1,-1,1,1,1,-1,0,0,1,1,1,1,-1,-1,-1,0,1,1,0,1,1,1,1,-1,1,-1,-1,1,1,1,0.0
1173,2167,1,-1,1,1,1,-1,0,-1,1,-1,-1,1,-1,-1,0,-1,-1,1,0,-1,1,-1,-1,-1,1,-1,-1,1,0,-1,0.0
1174,7637,1,-1,1,1,1,-1,1,1,-1,1,1,1,1,1,0,-1,1,1,0,1,1,1,1,-1,1,1,1,1,0,1,1.0
1175,684,1,-1,1,1,1,-1,0,0,-1,-1,-1,1,-1,-1,0,-1,-1,1,0,1,1,-1,1,1,-1,0,-1,1,0,-1,0.0
1176,9836,-1,-1,1,1,1,-1,1,-1,-1,1,1,1,1,1,0,-1,1,1,0,1,1,1,1,-1,1,1,-1,-1,0,1,0.0
1177,1770,1,-1,1,1,1,-1,-1,-1,-1,1,1,1,1,-1,0,-1,1,1,0,1,1,1,1,-1,-1,0,-1,1,1,1,0.0
1178,338,1,-1,1,1,1,-1,0,0,1,1,1,1,-1,-1,0,-1,1,1,0,1,1,1,1,1,-1,-1,-1,-1,0,1,0.0
1179,8759,-1,1,1,1,1,-1,-1,-1,-1,-1,1,1,1,-1,1,-1,1,1,0,1,1,-1,1,1,1,1,1,1,0,1,0.0
1180,8026,1,1,1,-1,1,-1,1,1,1,1,1,-1,-1,0,-1,1,-1,-1,0,1,1,1,1,-1,1,-1,-1,1,-1,1,1.0
1181,8058,-1,1,1,1,1,-1,1,1,-1,-1,-1,1,1,0,1,0,-1,1,0,1,1,-1,-1,1,1,1,-1,1,1,1,1.0
1182,6996,1,-1,1,1,1,1,1,1,1,1,1,1,-1,0,1,-1,1,1,0,1,1,1,1,-1,1,1,-1,1,0,1,1.0
1183,8630,1,-1,1,-1,1,-1,0,-1,-1,1,1,1,1,0,0,-1,1,1,0,1,1,1,1,1,1,1,-1,1,0,1,0.0
1184,8922,1,-1,1,1,1,-1,1,1,1,1,1,1,-1,1,1,1,1,1,0,1,1,1,1,-1,1,0,-1,1,0,1,1.0
1185,4610,1,1,-1,1,1,-1,-1,1,-1,1,1,1,1,0,1,-1,1,1,0,1,1,1,1,1,-1,0,-1,1,0,1,0.0
1186,592,1,-1,1,1,1,-1,1,1,-1,1,1,1,1,0,1,-1,1,1,0,1,1,1,1,1,1,-1,-1,1,1,1,1.0
1187,8227,1,-1,1,1,1,1,-1,1,1,1,1,1,-1,0,1,-1,1,1,0,1,1,1,1,-1,1,-1,-1,1,1,1,1.0
1188,4756,1,-1,1,1,1,-1,1,1,1,1,1,1,-1,0,1,-1,1,1,0,1,1,1,1,1,1,1,-1,1,0,1,1.0
1189,2528,-1,-1,1,1,1,-1,-1,-1,1,1,1,1,1,-1,-1,-1,1,1,0,1,1,1,1,1,-1,0,-1,1,1,-1,0.0
1190,3551,1,-1,1,1,1,-1,1,1,-1,1,1,1,1,0,0,-1,1,1,0,1,1,1,1,-1,-1,0,-1,1,0,1,1.0
1191,8494,-1,-1,1,1,1,-1,1,1,-1,-1,1,1,-1,0,-1,0,-1,1,0,-1,1,-1,1,-1,1,0,-1,1,1,1,1.0
1192,7654,1,-1,1,-1,-1,-1,1,1,-1,1,1,1,1,1,0,1,1,1,1,1,1,1,1,-1,1,1,-1,1,0,1,1.0
1193,7021,-1,-1,1,-1,1,-1,0,-1,1,1,1,-1,-1,-1,-1,-1,1,-1,0,1,1,1,1,-1,1,0,-1,1,1,1,0.0
1194,6795,-1,-1,1,1,1,-1,0,-1,1,1,1,1,-1,0,-1,-1,1,1,0,1,1,1,1,-1,1,1,-1,1,1,1,1.0
1195,5156,-1,1,1,-1,1,-1,0,-1,-1,1,-1,1,1,-1,1,-1,-1,1,1,1,1,1,1,-1,1,-1,1,1,1,-1,0.0
1196,4824,1,-1,1,1,1,-1,-1,1,-1,1,1,1,-1,0,-1,-1,-1,1,0,1,1,1,1,1,1,-1,-1,1,0,1,1.0
1197,1615,-1,1,-1,1,-1,-1,0,0,-1,1,1,-1,1,-1,1,1,1,-1,1,1,1,1,1,1,-1,1,-1,1,1,-1,0.0
1198,4209,1,-1,1,1,1,-1,0,1,1,1,1,1,-1,0,1,-1,1,1,0,1,1,1,1,1,-1,1,-1,1,1,1,1.0
1199,9963,-1,-1,1,1,1,-1,1,-1,-1,1,1,1,-1,0,-1,-1,1,1,0,1,1,1,1,1,1,1,-1,-1,0,1,0.0
1200,4485,1,1,1,1,1,-1,0,0,-1,-1,-1,1,1,-1,1,1,-1,1,0,-1,1,-1,-1,1,1,-1,-1,-1,0,-1,0.0
1201,9496,-1,-1,1,1,1,-1,1,1,1,1,1,-1,-1,0,1,0,-1,1,0,1,1,1,1,1,1,-1,-1,1,0,1,1.0
1202,1589,1,-1,1,1,1,-1,-1,-1,1,1,1,1,1,-1,-1,-1,1,1,0,1,1,1,1,-1,1,-1,-1,-1,0,1,0.0
1203,2276,1,-1,1,-1,1,-1,-1,1,1,1,1,1,-1,0,0,-1,1,1,0,1,1,1,1,-1,1,-1,-1,1,0,1,1.0
1204,9170,-1,1,-1,1,1,-1,0,-1,1,1,1,1,-1,-1,-1,-1,1,1,0,1,1,1,1,1,1,1,-1,1,1,1,0.0
1205,9919,-1,-1,1,1,-1,-1,-1,-1,1,1,1,1,-1,-1,0,-1,1,1,0,1,1,1,1,1,1,1,-1,1,0,1,0.0
1206,6564,1,-1,1,1,1,-1,1,1,-1,-1,1,1,1,0,-1,-1,1,1,0,1,1,-1,1,-1,1,1,1,1,0,1,1.0
1207,379,-1,-1,-1,1,-1,1,1,1,-1,1,1,-1,1,0,0,-1,1,-1,1,1,1,1,1,1,-1,1,-1,1,1,-1,1.0
1208,8208,-1,-1,-1,1,1,-1,1,1,1,1,1,1,-1,-1,-1,-1,-1,1,0,1,1,1,1,1,1,0,-1,-1,1,1,0.0
1209,844,1,-1,1,1,1,1,1,1,-1,1,1,1,1,1,1,-1,1,1,0,1,1,1,1,1,-1,-1,1,1,1,1,1.0
1210,3431,1,-1,-1,1,1,-1,1,1,-1,1,1,-1,1,0,-1,-1,-1,-1,0,1,1,1,1,1,-1,0,-1,1,1,-1,0.0
1211,6913,-1,-1,1,1,1,-1,1,1,1,-1,1,1,-1,1,-1,-1,1,1,0,1,1,-1,1,-1,1,1,1,1,1,1,1.0
1212,7336,-1,-1,1,1,1,-1,1,0,1,1,1,1,-1,-1,-1,-1,1,1,0,1,1,1,1,-1,1,-1,1,1,1,1,0.0
1213,7847,1,-1,1,1,1,-1,-1,-1,-1,1,1,1,-1,-1,0,-1,1,1,0,1,1,1,1,-1,1,-1,1,1,0,-1,0.0
1214,2635,1,1,1,1,1,1,-1,1,-1,1,1,1,1,1,0,1,1,1,0,1,1,1,1,-1,1,1,-1,1,0,1,1.0
1215,350,1,-1,1,1,1,-1,0,1,-1,1,1,1,-1,0,-1,-1,1,1,0,1,1,1,1,-1,1,0,-1,-1,0,1,0.0
1216,862,1,-1,1,1,1,-1,1,1,1,1,1,1,-1,1,1,-1,1,1,0,1,1,1,1,1,1,1,-1,1,0,1,1.0
1217,9722,1,-1,-1,1,-1,-1,1,1,-1,1,1,-1,1,0,-1,0,1,1,1,1,1,1,1,1,-1,1,-1,1,-1,1,1.0
1218,5732,1,1,1,1,1,-1,-1,1,-1,1,1,1,1,0,1,1,1,1,0,1,1,1,1,1,1,1,-1,1,0,-1,1.0
1219,8646,1,-1,1,1,1,-1,1,-1,-1,1,1,1,-1,0,-1,-1,1,1,0,1,1,1,1,1,1,1,-1,-1,0,1,0.0
1220,771,1,-1,1,1,1,-1,1,1,-1,1,1,1,-1,0,0,-1,1,1,0,1,1,1,1,1,1,1,1,1,0,1,1.0
1221,6127,-1,-1,1,1,1,-1,0,-1,-1,1,1,1,1,-1,-1,-1,1,1,0,1,1,1,1,-1,1,-1,-1,1,0,1,0.0
1222,9816,1,1,1,-1,1,-1,-1,-1,-1,-1,-1,1,-1,-1,0,-1,-1,1,0,-1,1,-1,-1,-1,1,1,1,1,0,1,0.0
1223,7294,-1,1,1,1,1,1,1,1,-1,1,1,1,1,0,1,-1,1,1,0,1,1,1,1,1,1,-1,1,1,1,1,1.0
1224,2926,1,-1,1,1,1,-1,1,1,1,1,1,1,1,1,0,-1,1,1,0,1,1,1,1,1,1,1,-1,1,0,1,1.0
1225,3979,1,-1,1,1,1,-1,-1,-1,1,-1,-1,1,1,-1,0,-1,-1,1,0,1,1,-1,1,-1,-1,0,-1,1,0,-1,0.0
1226,8855,1,-1,1,-1,1,-1,1,1,1,1,1,-1,-1,0,0,-1,1,-1,0,1,1,1,1,-1,1,0,-1,1,0,1,1.0
1227,708,-1,-1,-1,1,-1,-1,0,-1,-1,-1,-1,-1,-1,-1,1,-1,-1,-1,1,1,1,-1,-1,-1,-1,1,-1,1,1,-1,0.0
1228,255,1,-1,1,1,1,-1,-1,-1,1,1,1,1,-1,0,0,-1,1,1,0,1,1,1,1,-1,1,1,-1,-1,0,1,0.0
1229,8174,-1,-1,1,-1,1,-1,-1,-1,1,1,1,1,-1,1,-1,-1,1,1,1,1,-1,1,-1,1,1,1,-1,-1,1,1,0.0
1230,5089,1,-1,1,1,1,-1,0,-1,-1,1,1,1,1,-1,0,-1,1,1,0,1,1,1,1,-1,1,-1,-1,1,0,1,0.0
1231,601,1,-1,1,1,1,-1,-1,-1,1,1,1,1,1,0,0,-1,1,1,0,1,1,1,1,-1,1,-1,-1,-1,0,1,0.0
1232,4035,1,1,1,1,1,-1,-1,1,-1,1,1,1,1,-1,-1,1,1,1,0,1,1,1,1,-1,1,0,-1,1,0,1,0.0
1233,7132,-1,-1,1,-1,1,-1,1,1,-1,-1,-1,1,1,0,0,-1,-1,1,0,-1,-1,-1,-1,-1,1,1,-1,1,1,1,1.0
1234,2995,-1,-1,-1,1,-1,-1,-1,1,-1,1,1,-1,1,0,0,-1,1,-1,1,1,1,1,1,1,-1,1,1,1,1,1,1.0
1235,5058,1,0,1,1,1,-1,0,0,1,1,1,1,-1,-1,-1,-1,-1,-1,0,1,1,1,1,1,-1,1,-1,1,1,-1,0.0
1236,6903,1,-1,1,1,1,1,1,1,-1,1,1,1,1,0,-1,-1,1,1,0,1,1,1,1,-1,1,1,1,1,0,1,1.0
1237,7396,1,-1,1,1,1,-1,0,1,1,1,1,1,-1,0,-1,-1,1,1,0,1,1,1,1,-1,1,1,1,1,0,1,0.0
1238,7056,1,1,1,1,1,-1,-1,-1,-1,1,1,1,-1,-1,0,-1,1,1,0,1,1,1,1,1,1,-1,1,1,0,-1,0.0
1239,5013,1,-1,1,-1,1,-1,0,0,-1,1,1,1,-1,-1,0,-1,1,1,0,1,1,1,1,1,-1,-1,-1,1,0,1,0.0
1240,944,1,-1,1,1,1,-1,0,0,-1,1,1,1,-1,-1,0,-1,1,1,0,1,1,1,1,1,-1,-1,-1,-1,0,1,0.0
1241,3595,1,-1,1,1,1,-1,0,1,-1,1,1,1,1,0,0,-1,1,1,0,1,1,1,1,-1,-1,0,-1,1,1,1,0.0
1242,2677,1,-1,1,1,1,-1,-1,-1,-1,1,1,1,1,0,-1,-1,1,1,0,1,1,1,1,-1,1,0,-1,-1,0,1,1.0
1243,10796,1,-1,1,1,1,-1,1,1,-1,1,1,1,1,0,-1,1,1,1,0,1,1,1,1,1,1,1,-1,1,0,1,1.0
1244,6164,-1,-1,-1,1,-1,1,1,1,-1,1,1,-1,1,1,-1,-1,1,-1,0,1,1,1,1,-1,-1,1,-1,-1,1,1,1.0
1245,9099,-1,-1,1,1,1,-1,1,1,1,1,1,1,-1,0,-1,-1,1,1,0,1,1,1,1,1,1,-1,-1,1,1,1,0.0
1246,8187,1,-1,1,1,1,-1,0,-1,1,1,-1,1,1,-1,1,-1,1,1,0,1,1,1,1,1,1,1,-1,1,1,1,0.0
1247,10571,-1,1,1,1,1,-1,-1,-1,-1,1,1,1,1,0,1,-1,1,1,0,1,1,1,1,1,1,1,1,1,0,-1,0.0
1248,4312,1,-1,1,1,1,-1,0,1,-1,-1,-1,1,1,0,0,-1,-1,1,0,-1,1,-1,-1,-1,-1,1,1,1,1,-1,1.0
1249,6425,-1,-1,-1,-1,1,-1,0,0,-1,1,1,-1,-1,-1,1,-1,-1,-1,0,1,1,1,1,-1,-1,-1,-1,1,0,1,0.0
1250,1532,1,-1,1,1,1,-1,-1,-1,-1,1,1,1,1,-1,-1,-1,1,1,0,1,1,1,1,-1,-1,-1,-1,-1,0,1,0.0
1251,4969,1,-1,-1,1,1,-1,1,-1,-1,1,1,1,1,0,-1,-1,1,1,0,1,1,1,1,1,-1,-1,-1,1,1,1,0.0
1252,6366,-1,-1,1,1,1,-1,0,-1,1,1,1,1,-1,0,-1,-1,1,1,1,1,1,1,1,-1,1,0,1,1,0,1,0.0
1253,6832,1,-1,1,1,1,-1,1,1,1,1,1,1,-1,0,0,-1,1,1,0,1,1,1,1,-1,1,1,1,1,0,1,1.0
1254,8155,1,-1,1,1,1,-1,1,0,-1,1,1,1,1,-1,0,-1,1,1,0,1,1,1,1,-1,1,-1,-1,1,0,1,0.0
1255,6066,1,-1,1,1,1,-1,-1,1,-1,1,1,1,-1,0,1,1,1,1,0,1,1,1,1,-1,1,1,-1,1,0,1,1.0
1256,7055,1,-1,1,1,1,-1,-1,0,-1,1,1,1,1,0,1,-1,1,1,0,1,1,1,1,-1,1,0,1,1,0,1,0.0
1257,10452,-1,-1,1,1,1,-1,1,-1,1,1,1,1,-1,0,-1,-1,1,1,0,1,1,1,1,1,1,1,-1,1,1,1,0.0
1258,8568,-1,-1,1,1,1,1,1,1,-1,1,1,1,1,0,-1,1,1,1,0,1,1,1,1,1,1,-1,-1,1,1,1,1.0
1259,3136,1,-1,1,1,1,1,1,1,-1,1,1,1,1,1,-1,-1,1,1,0,1,1,-1,1,1,1,1,-1,1,0,1,1.0
1260,2631,1,1,1,1,1,-1,-1,1,-1,1,1,1,1,1,1,1,1,1,0,1,1,1,1,1,-1,1,-1,1,1,1,1.0
1261,4241,1,-1,1,1,1,-1,1,1,-1,1,1,1,1,1,-1,-1,1,1,0,1,1,1,1,1,-1,1,-1,-1,1,1,1.0
1262,8791,1,-1,1,-1,1,1,-1,1,-1,1,1,1,1,1,1,-1,-1,-1,0,1,1,1,1,1,1,1,1,1,-1,1,1.0
1263,9127,-1,-1,-1,-1,-1,-1,1,1,-1,1,1,-1,-1,1,-1,-1,1,-1,1,1,1,1,1,-1,-1,0,-1,1,1,1,1.0
1264,3624,1,-1,1,1,1,-1,1,1,-1,1,1,1,1,1,1,-1,1,1,0,1,1,1,1,1,1,1,-1,1,0,1,1.0
1265,3767,1,1,1,-1,1,-1,-1,1,-1,1,1,1,1,0,1,1,1,1,0,1,1,1,1,-1,1,1,-1,1,0,1,1.0
1266,5224,-1,1,1,1,1,-1,0,-1,1,1,1,1,-1,0,-1,-1,-1,1,0,1,1,1,1,1,1,-1,1,1,1,-1,0.0
1267,5907,1,-1,1,1,1,1,-1,1,-1,1,1,1,1,0,-1,-1,1,1,0,1,1,1,1,-1,1,0,-1,1,0,1,1.0
1268,784,1,-1,1,1,1,-1,0,-1,1,1,1,1,-1,-1,-1,-1,1,1,0,1,1,1,1,-1,-1,-1,-1,-1,1,1,0.0
1269,8798,1,-1,1,1,1,-1,1,1,-1,1,1,1,1,0,0,1,-1,1,0,1,1,-1,-1,1,1,-1,-1,-1,0,1,1.0
1270,227,1,-1,1,1,1,-1,-1,1,1,-1,1,1,-1,-1,0,-1,1,1,0,1,1,-1,1,-1,-1,-1,-1,1,0,1,0.0
1271,2067,1,-1,1,1,1,-1,0,-1,1,1,1,1,1,-1,-1,-1,1,1,0,1,1,1,1,-1,1,0,-1,1,0,1,0.0
1272,6012,-1,-1,-1,-1,-1,-1,1,1,-1,1,1,-1,1,0,0,-1,1,-1,0,1,1,1,1,-1,-1,1,1,1,-1,1,1.0
1273,10400,1,-1,1,-1,1,-1,0,-1,-1,-1,-1,1,1,0,1,-1,-1,1,0,-1,1,-1,-1,1,1,-1,-1,1,1,1,1.0
1274,4047,1,-1,1,1,1,-1,0,-1,1,1,1,1,1,-1,-1,-1,1,1,0,1,1,1,1,-1,1,0,-1,1,0,1,0.0
1275,5449,1,-1,1,1,1,-1,1,-1,-1,1,1,1,1,-1,1,-1,1,1,0,1,1,1,1,-1,1,0,1,1,0,-1,0.0
1276,2949,-1,-1,-1,1,-1,-1,-1,-1,-1,-1,-1,-1,-1,-1,1,-1,-1,-1,1,-1,-1,-1,-1,1,-1,1,1,1,1,-1,0.0
1277,1388,1,-1,1,1,1,-1,0,1,-1,1,1,1,1,0,-1,-1,1,1,0,1,1,1,1,-1,-1,1,-1,1,-1,1,1.0
1278,2390,1,-1,1,1,1,-1,-1,1,1,1,1,1,-1,0,0,-1,1,1,0,1,1,1,1,1,1,1,1,1,0,1,1.0
1279,6985,-1,-1,1,1,1,-1,0,-1,-1,1,1,1,1,1,0,-1,1,1,0,1,1,1,1,-1,1,1,-1,1,0,1,1.0
1280,9319,-1,-1,-1,1,-1,-1,1,1,-1,1,1,-1,1,0,1,-1,1,-1,1,1,1,1,1,1,-1,-1,-1,1,1,1,1.0
1281,4171,1,1,1,1,1,1,-1,1,-1,1,1,1,1,1,0,1,1,1,0,1,1,1,1,-1,-1,1,-1,1,1,1,1.0
1282,5200,1,-1,1,-1,1,-1,0,-1,-1,1,1,1,-1,1,-1,-1,1,1,1,1,1,1,1,-1,1,-1,1,1,0,-1,0.0
1283,7670,-1,-1,1,1,1,1,0,-1,-1,1,1,1,-1,1,1,-1,1,1,0,1,1,1,1,-1,1,1,-1,1,1,1,1.0
1284,2215,1,-1,1,-1,1,-1,1,1,-1,1,1,1,1,1,1,-1,1,1,0,1,1,1,1,1,1,1,-1,1,0,1,1.0
1285,1219,1,-1,1,1,1,-1,-1,-1,1,1,1,1,1,0,0,-1,1,1,0,1,1,1,1,-1,-1,1,-1,-1,1,1,0.0
1286,8081,-1,-1,1,1,1,-1,0,-1,1,1,1,1,-1,0,-1,-1,1,1,0,1,1,1,1,-1,1,1,1,1,0,1,0.0
1287,6531,1,-1,1,1,1,1,1,1,-1,1,1,1,1,1,-1,1,1,1,0,1,1,1,1,-1,1,0,1,1,0,1,1.0
1288,1192,1,-1,1,1,1,-1,0,1,-1,1,1,1,1,1,-1,-1,1,1,0,1,1,1,1,-1,1,0,-1,1,0,1,1.0
1289,5750,1,-1,1,-1,1,-1,-1,-1,-1,1,1,1,1,0,-1,0,1,1,0,1,1,1,1,-1,1,1,-1,1,0,1,0.0
1290,1549,-1,-1,-1,1,-1,-1,-1,1,1,1,1,-1,-1,0,0,-1,1,-1,1,1,1,1,1,-1,-1,1,-1,1,1,-1,1.0
1291,7230,-1,-1,1,1,1,-1,0,0,1,1,1,1,1,0,-1,-1,1,1,1,1,1,1,1,-1,1,1,1,1,0,1,0.0
1292,31,1,-1,1,1,1,-1,-1,1,-1,1,1,-1,1,0,1,-1,1,1,0,1,1,1,1,-1,-1,-1,-1,1,0,1,1.0
1293,10756,1,-1,1,1,1,-1,0,-1,1,1,1,1,-1,-1,0,-1,1,1,0,1,1,1,1,1,1,1,-1,1,0,1,0.0
1294,1684,1,-1,1,-1,1,-1,1,1,-1,1,1,1,1,1,1,-1,1,1,0,1,1,1,1,1,1,1,-1,1,0,1,1.0
1295,6797,1,1,1,-1,1,-1,-1,-1,-1,-1,-1,1,-1,-1,0,-1,-1,1,0,-1,1,-1,-1,1,1,-1,1,1,0,1,0.0
1296,6108,-1,-1,-1,-1,-1,-1,-1,1,1,1,1,-1,-1,1,-1,-1,1,-1,0,1,1,1,1,-1,-1,1,-1,-1,1,1,1.0
1297,5656,-1,-1,1,1,1,-1,1,1,-1,1,1,1,1,0,1,0,1,1,0,1,1,1,1,-1,1,-1,1,1,1,1,1.0
1298,1438,1,-1,1,1,1,-1,-1,-1,1,1,1,-1,-1,-1,0,-1,1,-1,0,1,1,1,1,-1,-1,-1,-1,1,1,-1,0.0
1299,2557,1,-1,1,1,1,1,1,1,1,1,1,1,-1,1,0,-1,1,1,0,1,1,1,1,1,-1,1,-1,1,1,1,1.0
1300,5278,1,-1,1,1,1,-1,1,1,-1,1,1,1,-1,0,-1,0,1,1,0,1,1,1,1,-1,-1,1,-1,1,0,1,1.0
1301,285,1,-1,1,1,1,-1,-1,-1,1,1,1,1,-1,0,-1,-1,1,1,0,1,1,1,1,-1,1,-1,-1,1,1,1,0.0
1302,8815,-1,-1,1,-1,1,-1,1,1,-1,-1,-1,1,1,-1,1,-1,-1,1,0,-1,1,-1,-1,1,1,-1,-1,1,1,1,1.0
1303,296,1,-1,1,1,1,-1,-1,1,-1,1,1,1,1,0,0,-1,-1,1,0,1,1,-1,-1,1,1,1,1,-1,0,1,1.0
1304,1958,1,-1,1,1,1,-1,0,1,1,1,1,1,-1,1,-1,-1,1,1,0,1,1,1,1,-1,-1,1,-1,1,1,1,1.0
1305,3251,1,-1,1,1,1,-1,-1,1,1,1,1,-1,-1,0,1,-1,-1,1,0,1,1,1,1,1,1,1,-1,1,0,1,1.0
1306,3787,1,-1,1,1,1,-1,-1,-1,-1,1,1,1,-1,-1,0,-1,1,1,0,1,1,1,1,-1,1,-1,-1,1,0,1,0.0
1307,7956,-1,-1,1,1,1,-1,0,1,1,1,1,1,1,-1,-1,-1,1,1,0,1,1,1,1,-1,1,0,-1,1,0,1,0.0
1308,9840,-1,-1,1,1,1,-1,-1,-1,-1,1,1,1,1,0,-1,1,1,1,0,1,1,1,1,-1,1,1,-1,1,1,1,0.0
1309,6091,1,-1,-1,1,-1,1,1,1,-1,1,1,-1,1,1,-1,-1,1,-1,0,1,1,1,1,-1,-1,1,-1,-1,1,1,1.0
1310,5007,1,-1,1,1,1,1,-1,1,1,-1,-1,1,-1,0,1,-1,-1,1,0,-1,1,-1,-1,1,-1,1,-1,1,1,-1,1.0
1311,10914,1,-1,1,1,1,-1,0,1,-1,-1,1,1,1,0,0,-1,1,1,0,1,1,-1,1,1,1,-1,-1,1,0,1,1.0
1312,3677,1,-1,1,1,1,-1,-1,-1,1,1,1,1,-1,0,-1,-1,1,1,0,1,1,1,1,-1,1,1,-1,1,0,1,0.0
1313,4293,1,-1,1,1,1,-1,-1,1,-1,1,1,1,1,0,0,-1,1,1,0,1,1,1,1,-1,1,1,-1,1,0,1,1.0
1314,2821,1,-1,1,-1,1,-1,1,1,-1,1,1,1,1,1,1,-1,1,1,0,1,1,1,1,1,1,1,-1,1,0,1,1.0
1315,10552,1,-1,1,1,1,-1,1,1,-1,1,1,1,1,1,0,-1,1,1,0,1,1,1,1,1,1,1,-1,1,0,1,1.0
1316,561,1,1,1,1,1,-1,-1,1,1,1,1,1,1,0,0,1,1,1,0,1,1,1,1,1,-1,0,-1,1,1,1,1.0
1317,202,1,1,1,1,1,-1,0,-1,-1,-1,1,1,1,0,0,1,-1,1,0,-1,1,-1,1,-1,-1,1,-1,1,0,1,1.0
1318,10869,1,-1,1,1,1,-1,0,-1,1,1,1,1,1,0,-1,-1,1,1,0,1,1,1,1,1,1,0,-1,-1,0,1,0.0
1319,5925,1,-1,1,-1,1,-1,1,-1,1,-1,-1,1,-1,-1,0,-1,-1,1,0,-1,-1,-1,-1,-1,1,0,1,1,0,-1,0.0
1320,8239,-1,-1,1,-1,1,-1,0,-1,1,1,1,1,1,-1,-1,-1,1,1,1,1,1,1,1,1,-1,1,-1,-1,1,1,0.0
1321,10852,-1,-1,1,1,1,-1,-1,-1,-1,1,1,1,1,-1,0,-1,1,1,0,1,1,1,1,1,1,0,-1,1,1,-1,0.0
1322,3669,1,-1,1,1,1,-1,-1,1,1,1,1,1,-1,-1,-1,-1,1,1,0,1,1,1,1,-1,1,-1,-1,1,0,1,0.0
1323,8777,-1,-1,1,1,1,-1,1,1,1,1,1,1,-1,0,0,0,1,1,0,1,1,1,1,1,1,1,-1,1,0,1,1.0
1324,6003,-1,1,1,1,1,-1,-1,-1,-1,1,1,1,1,-1,-1,-1,1,1,0,1,1,1,1,1,1,-1,1,1,1,1,0.0
1325,7626,-1,1,1,1,1,-1,0,0,-1,-1,1,1,-1,-1,1,-1,1,1,1,1,1,-1,1,-1,1,0,-1,1,1,1,0.0
1326,522,1,-1,1,1,1,-1,1,-1,1,1,1,1,-1,0,0,-1,1,1,0,1,1,1,1,-1,-1,1,-1,1,1,1,0.0
1327,3474,1,-1,1,1,1,-1,0,1,-1,1,1,1,1,0,0,-1,1,1,0,1,1,1,1,-1,1,1,1,-1,0,1,1.0
1328,10178,1,-1,1,1,1,-1,-1,-1,1,1,1,1,-1,-1,0,-1,1,1,0,1,1,1,1,1,1,0,-1,1,0,1,0.0
1329,2749,1,-1,1,1,1,-1,-1,-1,-1,1,1,1,1,-1,1,-1,1,1,0,1,1,1,1,-1,-1,-1,-1,-1,1,1,0.0
1330,2253,1,-1,1,1,1,-1,0,-1,-1,1,1,1,1,-1,0,-1,1,1,0,1,1,1,1,-1,1,-1,-1,1,0,1,0.0
1331,7007,-1,-1,1,1,1,-1,0,-1,-1,1,1,1,1,-1,0,-1,1,1,0,1,1,1,1,-1,1,-1,1,1,0,-1,0.0
1332,10879,-1,-1,1,1,1,-1,-1,0,1,1,1,1,-1,-1,-1,-1,1,1,0,1,1,1,1,1,1,0,-1,1,1,1,0.0
1333,3164,1,-1,1,1,1,-1,-1,1,-1,1,1,1,1,0,-1,-1,1,1,0,1,1,1,1,1,1,1,-1,-1,0,1,1.0
1334,5738,-1,-1,1,-1,1,-1,1,0,1,-1,-1,1,-1,-1,1,-1,-1,1,1,1,1,-1,1,-1,1,-1,-1,1,0,1,0.0
1335,9028,-1,-1,-1,-1,-1,-1,-1,-1,-1,1,1,-1,1,-1,-1,0,1,-1,1,1,1,-1,1,1,-1,0,-1,1,1,1,0.0
1336,10469,-1,-1,1,-1,1,-1,0,-1,-1,-1,-1,1,-1,-1,0,0,-1,1,0,1,1,-1,1,1,1,1,-1,1,1,1,0.0
1337,7979,-1,-1,1,1,1,-1,0,-1,1,1,1,1,-1,-1,-1,-1,1,1,0,1,1,1,1,-1,1,0,-1,1,1,1,0.0
1338,5046,1,-1,1,-1,1,-1,-1,-1,1,1,1,1,-1,-1,-1,-1,1,1,0,1,1,1,1,-1,-1,0,-1,1,0,1,0.0
1339,7259,-1,-1,1,1,1,-1,1,1,1,1,1,-1,-1,1,1,0,1,1,0,1,1,1,1,-1,1,1,-1,1,1,1,1.0
1340,3381,1,1,1,1,1,1,-1,1,-1,-1,-1,1,1,1,-1,1,-1,1,0,1,1,-1,-1,1,1,1,-1,1,0,-1,1.0
1341,10043,1,-1,1,1,1,-1,1,1,1,1,1,1,-1,1,1,-1,1,1,0,1,1,1,1,1,1,1,-1,1,0,1,1.0
1342,9627,-1,-1,-1,1,1,-1,-1,0,1,1,1,1,-1,-1,0,-1,1,1,0,1,1,1,1,1,1,0,-1,1,0,-1,0.0
1343,4390,1,-1,1,-1,1,-1,0,0,1,1,1,1,-1,-1,0,-1,1,1,0,1,1,1,1,1,1,-1,-1,1,1,1,0.0
1344,5279,-1,-1,1,-1,1,-1,0,-1,1,-1,-1,-1,-1,-1,-1,-1,-1,1,0,-1,-1,-1,-1,-1,1,1,-1,1,1,-1,0.0
1345,2868,1,1,1,1,1,-1,1,1,-1,1,1,-1,1,0,0,1,1,-1,0,1,1,1,1,1,1,1,-1,1,0,-1,1.0
1346,4672,1,-1,1,-1,1,-1,-1,1,-1,1,1,1,-1,0,1,-1,1,1,0,1,1,1,1,1,1,1,1,1,0,1,1.0
1347,6457,1,-1,1,1,1,-1,0,-1,-1,1,1,1,-1,-1,0,-1,1,1,0,1,1,1,1,-1,1,-1,1,1,0,1,0.0
1348,2110,1,-1,1,1,1,1,0,-1,-1,1,1,1,-1,1,1,-1,1,1,0,1,1,1,1,-1,-1,1,-1,1,1,1,1.0
1349,6601,-1,-1,-1,-1,-1,1,1,1,-1,1,1,-1,1,0,0,-1,1,-1,0,1,1,1,1,-1,-1,1,1,-1,1,1,1.0
1350,4978,1,-1,1,1,1,-1,0,-1,1,1,1,1,-1,-1,-1,-1,1,1,0,1,1,1,1,-1,-1,-1,-1,-1,1,1,0.0
1351,5796,-1,-1,1,-1,1,-1,1,1,-1,-1,-1,1,1,-1,1,-1,-1,1,0,-1,1,-1,-1,-1,1,1,-1,1,1,1,0.0
1352,10263,-1,-1,1,1,1,-1,0,-1,-1,1,1,1,-1,-1,0,-1,1,1,0,1,1,-1,1,1,1,0,-1,1,1,1,0.0
1353,2887,1,-1,1,1,1,-1,-1,-1,-1,1,1,1,1,-1,-1,-1,1,1,0,1,1,1,1,-1,1,-1,-1,1,1,1,0.0
1354,9042,-1,-1,-1,1,-1,-1,1,1,-1,1,1,-1,1,1,-1,-1,1,-1,1,1,1,1,1,1,-1,1,-1,1,1,1,1.0
1355,2942,1,-1,1,1,1,-1,1,-1,1,1,1,1,-1,0,1,-1,1,1,0,1,1,1,1,1,-1,1,-1,1,1,1,0.0
1356,1209,-1,-1,-1,1,-1,-1,-1,1,-1,1,1,-1,1,0,1,-1,1,-1,1,1,1,1,1,1,-1,1,-1,1,1,1,1.0
1357,1873,1,-1,1,1,1,-1,-1,1,-1,1,1,1,1,1,1,-1,1,1,0,1,1,1,1,1,1,1,1,1,0,1,1.0
1358,4271,1,0,1,1,1,-1,0,0,1,1,1,1,-1,-1,-1,-1,-1,-1,0,1,1,1,1,1,-1,1,-1,1,1,-1,0.0
1359,960,1,-1,1,1,1,-1,0,1,-1,1,1,1,1,0,0,-1,1,1,0,1,1,1,1,-1,1,1,-1,1,0,1,1.0
1360,2359,1,1,1,1,1,-1,-1,1,-1,1,1,1,1,1,0,1,1,1,0,1,1,1,1,1,1,1,1,1,0,1,1.0
1361,10765,-1,-1,1,1,1,-1,0,0,1,1,1,1,-1,-1,0,-1,1,1,0,1,1,1,1,1,1,0,-1,1,1,1,0.0
1362,2591,1,-1,1,1,1,-1,1,-1,-1,1,1,1,-1,-1,0,-1,1,1,0,1,1,1,1,-1,-1,-1,-1,-1,1,1,0.0
1363,135,1,-1,1,1,1,-1,0,-1,1,1,1,1,-1,-1,-1,-1,1,1,0,1,1,1,1,-1,-1,-1,-1,1,1,1,0.0
1364,6020,1,1,1,1,1,-1,1,1,-1,1,1,1,1,0,1,1,1,1,0,1,1,1,1,1,1,1,-1,1,0,-1,1.0
1365,6139,1,-1,1,1,1,-1,-1,1,1,1,1,1,-1,0,1,-1,1,1,0,1,1,1,1,-1,1,1,1,1,0,1,1.0
1366,9255,1,-1,1,1,1,-1,0,1,-1,1,1,1,1,0,0,-1,1,1,0,1,1,1,1,1,1,1,-1,1,0,1,1.0
1367,2996,1,-1,1,1,1,-1,-1,-1,-1,1,1,1,1,-1,-1,-1,1,1,0,1,1,1,1,-1,1,-1,-1,1,0,1,0.0
1368,5157,1,1,1,1,1,-1,0,0,-1,1,-1,1,1,1,-1,0,1,1,0,1,1,1,1,-1,1,-1,1,1,0,1,0.0
1369,1459,1,-1,1,1,1,-1,-1,-1,-1,-1,1,1,1,0,0,-1,1,1,0,1,1,-1,1,-1,-1,0,1,1,1,1,0.0
1370,4647,1,-1,1,1,1,1,-1,1,-1,1,1,1,1,1,1,-1,1,1,0,1,1,1,1,1,1,1,-1,1,-1,1,1.0
1371,3408,1,-1,1,1,1,-1,-1,1,-1,1,1,1,1,0,0,-1,-1,1,0,1,1,1,1,1,1,1,-1,1,-1,1,1.0
1372,5377,1,-1,1,-1,1,-1,-1,-1,-1,1,1,-1,-1,1,0,0,1,1,0,1,1,1,1,-1,1,1,1,1,0,1,1.0
1373,901,1,-1,1,1,1,-1,1,-1,1,1,1,1,-1,0,1,-1,1,1,0,1,1,1,1,1,-1,1,-1,1,1,1,0.0
1374,4210,1,-1,1,1,1,-1,-1,1,1,1,1,1,-1,-1,-1,-1,1,1,0,1,1,1,1,-1,1,-1,-1,1,0,1,0.0
1375,5936,1,1,-1,1,-1,-1,0,1,-1,1,1,-1,1,0,-1,1,1,-1,1,1,1,1,1,1,-1,1,1,-1,1,1,1.0
1376,5842,-1,-1,1,-1,1,1,1,1,-1,-1,1,-1,1,1,1,-1,1,-1,0,-1,1,-1,1,-1,1,1,-1,1,-1,1,1.0
1377,7639,-1,-1,-1,1,1,-1,1,-1,-1,1,1,1,1,0,-1,0,1,1,0,1,1,1,1,-1,1,-1,1,1,1,1,0.0
1378,4332,-1,-1,-1,1,-1,1,-1,1,1,1,1,-1,-1,1,1,-1,1,-1,1,1,1,1,1,1,-1,1,-1,1,1,1,1.0
1379,1128,-1,1,-1,1,-1,-1,0,1,-1,1,1,-1,1,0,-1,1,1,-1,1,1,1,1,1,-1,1,1,1,-1,1,1,1.0
1380,6137,-1,1,1,1,1,-1,0,-1,-1,1,1,1,1,-1,0,0,1,1,0,1,1,1,1,1,1,-1,-1,1,0,1,0.0
1381,3153,1,-1,1,1,1,-1,-1,-1,1,1,1,1,-1,-1,-1,-1,1,1,0,1,1,1,1,-1,1,0,-1,-1,0,1,0.0
1382,6742,-1,1,-1,-1,-1,-1,1,1,-1,1,1,-1,1,0,-1,-1,1,-1,0,1,1,1,1,1,-1,1,1,-1,1,1,1.0
1383,5623,1,1,1,1,1,-1,0,-1,-1,1,1,1,1,-1,-1,-1,1,1,0,1,1,1,1,1,1,-1,1,1,0,-1,0.0
1384,4740,1,-1,1,1,1,-1,-1,-1,-1,-1,-1,1,1,0,-1,-1,-1,1,0,1,1,-1,1,1,1,1,-1,1,0,1,1.0
1385,3463,1,-1,1,-1,1,-1,-1,-1,-1,1,1,1,-1,-1,-1,-1,1,1,0,1,1,1,1,-1,-1,-1,-1,1,0,1,0.0
1386,3403,1,-1,1,1,1,-1,1,1,-1,1,1,-1,1,0,1,-1,1,1,0,1,1,1,1,1,1,1,-1,1,0,1,1.0
1387,8912,-1,-1,1,1,1,-1,-1,-1,-1,1,1,1,-1,-1,1,-1,1,1,0,1,1,1,1,1,1,0,-1,1,1,1,0.0
1388,8361,-1,-1,1,-1,-1,-1,1,1,1,1,1,1,-1,0,0,-1,1,1,0,1,1,1,1,1,1,1,-1,-1,0,1,0.0
1389,4887,1,-1,1,1,1,-1,-1,1,-1,1,1,1,1,0,0,-1,1,1,0,1,1,1,1,1,1,1,1,1,0,1,1.0
1390,4186,1,1,1,1,1,-1,-1,1,-1,1,1,1,1,0,0,1,1,1,0,1,1,1,1,-1,1,1,1,1,0,1,1.0
1391,1391,-1,-1,-1,1,-1,-1,0,0,-1,1,1,-1,-1,-1,1,-1,1,1,1,-1,1,-1,1,1,-1,-1,-1,1,0,1,0.0
1392,7543,-1,-1,1,1,1,1,1,1,1,1,1,1,-1,0,1,-1,1,1,0,1,1,1,1,-1,1,1,-1,1,1,1,1.0
1393,9160,1,-1,1,1,-1,-1,0,-1,-1,1,1,1,1,0,0,-1,-1,1,1,1,1,1,1,1,1,1,-1,-1,0,1,0.0
1394,5605,1,-1,1,1,1,-1,0,-1,-1,1,1,1,-1,0,-1,-1,1,1,1,1,1,1,1,-1,1,1,1,1,0,1,0.0
1395,2329,1,-1,1,1,1,-1,-1,-1,-1,-1,-1,1,1,-1,0,-1,-1,1,0,-1,-1,-1,-1,-1,1,-1,-1,1,0,-1,0.0
1396,1597,-1,-1,-1,1,-1,-1,-1,1,-1,-1,1,-1,1,-1,1,-1,1,-1,1,1,1,-1,1,-1,-1,0,-1,1,1,-1,0.0
1397,3444,1,-1,1,1,1,-1,0,0,-1,1,1,1,1,-1,0,-1,1,1,0,1,1,1,1,1,1,-1,-1,1,0,1,0.0
1398,615,1,-1,1,1,1,-1,-1,-1,1,1,1,1,-1,-1,-1,-1,1,1,0,1,1,1,1,-1,1,-1,-1,1,0,1,0.0
1399,1660,1,-1,1,1,1,-1,1,1,-1,1,1,1,1,0,0,-1,1,1,0,1,1,1,1,1,1,1,-1,1,0,1,1.0
1400,1221,1,-1,1,1,1,-1,0,0,-1,1,1,1,-1,-1,0,-1,1,1,0,1,1,1,1,1,1,0,-1,1,0,1,0.0
1401,8206,1,-1,-1,1,1,-1,-1,1,-1,1,1,1,1,1,0,-1,1,1,0,1,1,1,1,1,1,1,-1,-1,0,1,1.0
1402,10337,1,-1,1,1,1,-1,1,1,1,1,1,1,-1,0,1,-1,1,1,0,1,1,1,1,-1,1,0,-1,1,0,1,1.0
1403,9812,-1,-1,1,1,1,-1,1,-1,-1,1,1,1,1,0,-1,-1,1,1,0,1,1,1,1,1,1,1,-1,1,0,1,0.0
1404,6492,-1,-1,1,1,1,-1,0,0,1,1,1,1,-1,0,-1,0,1,1,0,1,1,1,1,-1,1,-1,-1,1,1,1,0.0
1405,8572,1,-1,1,1,1,-1,-1,1,1,1,1,1,-1,1,-1,-1,1,1,0,1,1,1,1,1,1,1,-1,-1,1,1,0.0
1406,7559,1,-1,1,1,1,-1,1,1,-1,1,1,1,1,1,0,1,1,1,0,1,1,1,1,-1,1,1,-1,1,0,1,1.0
1407,1135,1,1,1,1,1,-1,-1,1,-1,1,1,1,1,0,0,1,1,1,0,1,1,1,1,1,1,1,-1,1,0,1,1.0
1408,3219,1,-1,1,1,1,-1,0,-1,-1,1,1,1,1,1,0,-1,1,1,0,1,1,1,1,1,1,1,-1,1,0,1,1.0
1409,1622,1,-1,1,1,1,-1,-1,-1,1,1,1,1,-1,-1,0,-1,1,1,0,1,1,1,1,-1,-1,0,-1,1,0,1,0.0
1410,8897,1,-1,1,1,1,-1,0,1,-1,1,1,1,-1,1,-1,1,1,1,0,1,1,1,1,1,1,1,-1,1,0,1,1.0
1411,8889,-1,-1,1,1,1,-1,1,1,-1,-1,-1,1,1,0,0,-1,-1,1,0,1,1,-1,1,1,1,-1,-1,1,0,1,1.0
1412,3556,-1,-1,-1,1,-1,-1,0,1,1,1,1,-1,-1,1,0,-1,1,-1,1,1,1,1,1,-1,-1,1,-1,1,1,1,1.0
1413,10201,1,-1,1,1,1,-1,0,-1,-1,1,1,1,-1,0,-1,-1,1,1,0,1,1,1,1,-1,1,1,-1,-1,0,1,0.0
1414,10308,1,1,1,-1,1,-1,0,0,-1,-1,-1,1,1,-1,-1,-1,-1,1,0,1,1,-1,1,1,1,0,1,1,0,1,0.0
1415,6232,1,-1,1,1,1,-1,-1,-1,1,1,1,1,1,0,-1,-1,1,1,0,1,1,1,1,-1,1,0,-1,1,0,-1,0.0
1416,9355,1,-1,1,1,1,1,0,-1,-1,1,1,1,1,1,-1,-1,1,1,0,1,1,1,1,-1,1,1,-1,1,0,1,1.0
1417,7566,-1,1,-1,-1,-1,-1,0,-1,-1,-1,-1,-1,1,-1,1,-1,-1,-1,0,-1,-1,-1,-1,1,-1,-1,-1,-1,1,1,0.0
1418,1485,1,-1,1,1,1,-1,0,0,1,1,1,1,-1,-1,-1,-1,1,1,0,1,1,1,1,1,-1,-1,-1,1,1,1,0.0
1419,5082,1,-1,1,1,1,-1,-1,-1,-1,-1,-1,-1,1,0,0,-1,-1,-1,0,-1,1,-1,1,-1,-1,0,-1,1,0,-1,0.0
1420,1076,1,-1,1,1,1,1,-1,1,-1,1,1,1,1,1,0,-1,1,1,0,1,1,1,1,-1,1,1,-1,1,0,1,1.0
1421,6648,1,-1,1,1,1,-1,0,-1,-1,1,1,1,1,-1,0,-1,1,1,0,1,1,1,1,-1,1,1,-1,1,0,1,0.0
1422,1715,1,-1,1,1,1,-1,0,1,-1,1,1,1,-1,0,0,-1,1,1,0,1,1,1,1,-1,1,1,1,1,0,1,1.0
1423,1568,-1,1,-1,1,-1,-1,1,1,-1,1,1,-1,1,0,-1,1,1,-1,1,1,1,1,1,1,-1,1,-1,1,1,-1,1.0
1424,5701,1,-1,1,1,1,-1,1,0,1,1,1,1,-1,-1,0,-1,1,1,0,1,1,1,1,-1,1,-1,-1,1,0,-1,0.0
1425,777,1,1,1,1,1,-1,-1,1,-1,1,1,1,1,0,1,1,1,1,0,1,1,1,1,1,1,1,-1,1,0,1,1.0
1426,3341,1,-1,1,1,1,-1,1,1,-1,1,1,1,1,1,0,-1,1,1,0,1,1,1,1,1,1,1,-1,1,0,1,1.0
1427,6132,-1,-1,1,1,1,-1,-1,1,1,1,1,1,-1,0,1,1,1,1,0,1,1,1,1,-1,1,1,-1,1,1,1,1.0
1428,4173,1,-1,1,1,1,-1,1,1,-1,1,1,1,1,1,0,-1,1,1,0,1,1,1,1,1,1,1,-1,1,0,1,1.0
1429,9071,-1,-1,1,1,1,-1,1,-1,-1,1,1,1,-1,0,-1,-1,1,1,0,1,1,1,1,1,1,1,-1,1,0,1,0.0
1430,7938,-1,1,1,1,1,-1,0,0,-1,1,1,1,1,-1,0,-1,1,1,0,1,1,1,1,1,1,0,-1,1,1,1,0.0
1431,10156,1,-1,1,1,1,1,1,1,-1,1,1,1,1,1,1,-1,1,1,0,1,1,1,1,1,1,1,-1,1,0,1,1.0
1432,8422,1,-1,1,1,1,-1,1,1,-1,1,1,1,1,1,1,1,1,1,0,1,1,1,1,1,1,1,-1,-1,0,1,1.0
1433,3372,1,-1,1,1,1,1,1,1,-1,1,1,1,1,0,0,-1,1,1,0,1,1,1,1,1,1,1,-1,1,0,1,1.0
1434,1365,1,-1,1,1,1,-1,-1,-1,-1,1,1,1,1,0,-1,-1,1,1,0,1,1,1,1,-1,1,1,-1,1,0,1,0.0
1435,4183,1,1,1,1,1,-1,-1,-1,1,1,1,1,-1,-1,0,1,1,1,0,1,1,1,1,-1,-1,0,-1,1,1,1,0.0
1436,4857,1,-1,1,1,1,-1,1,-1,1,1,1,1,-1,0,-1,-1,1,1,0,1,1,1,1,1,-1,1,-1,1,1,1,1.0
1437,4471,1,-1,1,1,1,-1,1,1,1,1,1,1,-1,0,1,-1,1,1,0,1,1,1,1,1,1,1,-1,1,0,1,1.0
1438,8503,-1,-1,1,1,-1,-1,1,1,-1,1,1,1,1,0,1,1,1,1,0,1,1,1,1,1,1,1,-1,1,1,1,1.0
1439,3612,1,-1,1,1,1,-1,-1,-1,-1,-1,-1,1,1,-1,0,-1,-1,1,0,1,1,1,1,-1,1,1,-1,-1,0,-1,0.0
1440,4946,1,-1,1,1,1,-1,-1,1,1,1,1,1,-1,0,0,-1,1,1,0,1,1,1,1,1,1,1,-1,1,0,-1,1.0
1441,5547,1,-1,1,1,1,-1,1,0,1,1,1,1,-1,0,-1,-1,1,1,0,1,1,1,1,-1,1,-1,-1,1,0,-1,0.0
1442,2681,1,-1,1,1,1,1,1,1,1,1,1,1,-1,1,0,-1,1,1,0,1,1,1,1,1,-1,1,-1,-1,1,-1,1.0
1443,4443,1,-1,1,1,1,-1,0,1,-1,1,1,1,-1,0,0,-1,1,1,0,1,1,1,1,-1,1,1,1,1,0,1,1.0
1444,6166,-1,-1,1,-1,1,-1,0,-1,1,-1,-1,1,-1,-1,0,-1,-1,1,0,1,1,-1,1,-1,1,-1,1,1,0,1,0.0
1445,1289,1,-1,1,1,1,-1,1,-1,1,1,1,1,1,0,-1,-1,1,1,0,1,1,1,1,-1,-1,0,-1,1,1,1,0.0
1446,6493,-1,1,1,1,-1,-1,1,1,-1,-1,1,-1,1,0,1,-1,1,1,0,-1,1,-1,1,1,1,1,-1,1,0,1,1.0
1447,4372,1,-1,1,1,1,-1,-1,-1,1,1,1,1,-1,0,0,-1,1,1,0,1,1,1,1,1,-1,1,-1,1,1,1,1.0
1448,6286,1,-1,1,1,1,-1,0,1,-1,1,1,1,1,0,1,1,1,1,0,1,1,1,1,-1,1,1,1,1,0,1,1.0
1449,7187,1,-1,-1,1,-1,-1,0,-1,-1,1,1,-1,1,-1,1,-1,1,-1,0,1,1,1,1,-1,-1,-1,-1,-1,0,1,0.0
1450,5887,-1,-1,1,1,1,-1,1,-1,-1,1,1,1,1,0,1,-1,1,1,0,1,1,1,1,-1,1,-1,1,1,1,1,1.0
1451,8617,-1,-1,1,1,1,-1,1,1,-1,1,1,1,1,0,0,-1,1,1,0,1,1,1,1,1,1,-1,-1,-1,1,1,1.0
1452,2459,1,-1,1,1,1,-1,-1,1,-1,1,1,1,1,1,0,-1,1,1,0,1,1,1,1,1,-1,1,1,1,1,-1,1.0
1453,3363,1,-1,1,1,1,-1,-1,1,-1,1,1,1,1,0,-1,-1,1,1,0,1,1,1,1,-1,-1,0,-1,1,0,1,0.0
1454,4334,1,-1,1,1,1,1,1,1,-1,1,1,1,-1,0,-1,-1,-1,1,0,1,1,1,1,1,1,0,-1,-1,0,1,1.0
1455,3778,1,-1,1,1,1,-1,1,1,-1,1,1,1,1,0,0,-1,1,1,0,1,1,1,1,1,1,1,1,1,0,1,1.0
1456,2082,1,-1,1,1,1,-1,1,1,-1,1,1,1,1,0,0,-1,1,1,0,1,1,1,1,1,1,0,-1,1,0,1,0.0
1457,8508,1,1,1,-1,1,-1,-1,0,-1,1,1,1,1,1,-1,0,1,1,0,1,1,1,1,1,1,-1,1,1,0,1,0.0
1458,5527,-1,-1,1,1,1,1,1,1,-1,1,1,1,1,0,-1,1,1,1,0,1,1,1,1,-1,1,1,-1,1,1,1,1.0
1459,6673,1,-1,1,1,1,-1,1,-1,-1,1,1,1,1,0,0,-1,1,1,0,1,1,-1,1,-1,1,0,1,1,1,1,1.0
1460,7453,-1,1,1,1,1,-1,0,0,-1,1,1,1,1,-1,0,-1,1,1,0,1,1,1,1,1,1,-1,1,1,0,-1,0.0
1461,10102,-1,-1,1,1,1,-1,-1,0,-1,1,1,1,1,-1,-1,-1,1,1,0,1,1,1,1,1,1,0,-1,1,1,1,0.0
1462,8097,-1,-1,1,1,1,-1,0,-1,1,1,1,1,-1,0,-1,-1,1,1,1,1,1,1,1,-1,1,0,1,1,0,1,0.0
1463,4468,1,-1,1,1,1,-1,-1,-1,-1,1,1,1,1,-1,-1,-1,1,1,0,1,1,1,1,-1,-1,-1,-1,1,0,1,0.0
1464,564,-1,-1,-1,1,-1,1,-1,1,-1,1,1,-1,1,0,0,-1,1,-1,1,1,1,1,1,1,-1,1,-1,1,1,1,1.0
1465,8181,-1,0,1,-1,1,-1,0,1,1,1,-1,1,-1,-1,-1,-1,-1,1,0,1,-1,1,-1,1,1,0,-1,-1,0,1,0.0
1466,7818,1,1,1,1,1,1,1,1,-1,1,1,1,1,0,0,1,1,1,1,1,1,1,1,1,1,1,-1,1,0,1,1.0
1467,727,1,-1,1,1,1,-1,0,0,1,1,1,1,-1,-1,0,-1,1,1,0,1,1,1,1,1,1,1,-1,-1,0,1,0.0
1468,3918,1,-1,1,-1,1,-1,-1,1,-1,1,1,1,-1,1,1,-1,1,1,0,1,1,1,1,1,1,1,1,1,0,1,1.0
1469,5370,1,-1,1,1,1,1,-1,1,-1,1,1,1,1,1,1,1,1,-1,0,1,1,1,1,-1,1,1,1,1,0,1,1.0
1470,3043,1,-1,1,1,1,-1,1,1,-1,1,1,1,1,0,-1,-1,1,1,0,1,1,1,1,-1,-1,0,-1,-1,0,1,0.0
1471,8748,1,1,1,1,1,-1,-1,0,-1,1,1,1,1,1,0,-1,1,1,0,1,1,1,1,1,1,1,1,-1,0,1,0.0
1472,11025,1,-1,1,1,1,-1,1,1,-1,1,1,1,1,1,-1,1,1,1,0,1,1,1,1,1,1,1,-1,-1,1,1,1.0
1473,3066,1,-1,1,1,1,-1,0,0,-1,-1,-1,1,1,-1,-1,-1,-1,1,0,-1,-1,-1,-1,1,1,1,-1,1,1,-1,0.0
1474,9017,-1,-1,1,1,-1,-1,1,-1,1,1,1,1,-1,0,-1,-1,1,1,0,1,1,1,1,1,1,0,-1,1,0,1,0.0
1475,9420,1,-1,1,1,1,-1,1,1,-1,1,1,1,1,0,0,-1,1,1,0,1,1,1,1,1,1,-1,-1,1,0,1,1.0
1476,5466,1,-1,1,1,1,1,1,1,-1,1,1,1,1,1,1,-1,1,1,0,1,1,1,1,-1,1,1,-1,1,0,-1,1.0
1477,1755,1,-1,1,1,1,-1,0,1,-1,1,1,1,1,0,0,-1,1,1,0,1,1,1,1,-1,-1,0,-1,1,0,1,0.0
1478,2495,1,-1,-1,1,1,-1,1,1,-1,1,1,1,1,1,0,-1,1,1,0,1,1,1,1,1,1,1,-1,-1,0,1,1.0
1479,889,1,-1,1,1,1,-1,0,0,-1,1,1,1,1,-1,-1,-1,1,1,0,1,1,1,1,1,-1,-1,-1,1,1,1,0.0
1480,8827,-1,-1,1,1,1,-1,1,1,1,1,1,1,-1,-1,-1,-1,1,1,0,1,1,1,1,1,1,1,-1,1,0,1,0.0
1481,705,1,-1,1,1,1,-1,-1,1,-1,1,1,1,1,0,-1,-1,1,1,0,1,1,1,1,-1,1,0,-1,1,0,1,1.0
1482,4873,1,-1,1,1,1,1,-1,1,1,1,1,1,-1,0,1,-1,1,1,0,1,1,1,1,1,-1,1,-1,1,1,1,1.0
1483,8359,1,1,1,1,1,-1,-1,0,-1,1,1,1,1,-1,-1,-1,1,1,0,1,1,1,1,1,1,1,1,-1,0,1,0.0
1484,4870,1,-1,1,1,1,-1,0,-1,-1,1,1,1,1,-1,-1,-1,1,1,0,1,1,1,1,-1,1,1,-1,1,0,1,0.0
1485,1570,1,-1,1,1,1,-1,1,1,-1,-1,1,1,1,1,1,-1,1,1,0,1,1,-1,1,1,-1,1,-1,1,1,1,1.0
1486,8609,-1,-1,1,1,1,-1,0,0,1,1,1,1,-1,-1,-1,-1,1,1,0,1,1,1,1,1,1,1,-1,-1,0,1,0.0
1487,5719,1,-1,1,-1,1,-1,0,0,1,-1,-1,1,1,-1,-1,-1,-1,1,1,-1,1,-1,-1,-1,1,0,1,1,0,1,0.0
1488,2668,1,-1,1,1,1,-1,1,1,-1,1,1,1,1,0,-1,-1,1,1,0,1,1,1,1,1,1,1,1,1,0,1,1.0
1489,5814,1,-1,1,1,1,-1,1,1,-1,1,1,1,1,-1,0,-1,1,1,0,1,1,1,1,-1,1,1,-1,1,-1,1,1.0
1490,2212,1,-1,1,1,1,-1,-1,-1,1,1,1,1,-1,-1,-1,-1,1,1,0,1,1,1,1,-1,1,1,-1,1,0,1,0.0
1491,10084,-1,-1,1,1,1,1,-1,1,-1,1,1,1,1,0,1,-1,1,1,0,1,1,1,1,1,1,1,-1,1,1,1,1.0
1492,10186,-1,1,-1,1,-1,-1,1,0,-1,1,1,-1,1,-1,0,-1,1,1,0,1,1,1,1,1,-1,0,1,-1,-1,1,0.0
1493,7330,1,-1,1,1,1,-1,1,1,-1,1,1,1,1,0,1,1,1,1,0,1,1,1,1,-1,1,1,1,1,0,-1,1.0
1494,1016,-1,-1,-1,1,-1,-1,0,-1,-1,1,1,-1,1,1,0,-1,1,-1,1,1,1,1,1,1,-1,1,-1,1,1,1,1.0
1495,5146,-1,-1,1,1,1,-1,0,-1,1,1,-1,1,1,0,-1,-1,1,1,0,1,1,1,1,-1,1,0,1,1,1,1,0.0
1496,5764,1,-1,1,1,1,1,-1,1,1,-1,-1,1,-1,1,0,-1,-1,1,0,1,1,-1,-1,-1,1,0,-1,1,0,1,1.0
1497,9571,1,-1,1,-1,1,1,1,1,-1,-1,-1,1,-1,1,0,-1,-1,1,0,1,1,1,1,1,1,-1,-1,1,0,1,1.0
1498,1779,1,-1,1,1,1,1,-1,1,-1,1,1,1,1,0,-1,-1,1,1,0,1,1,1,1,1,-1,1,-1,1,1,1,1.0
1499,1599,1,-1,1,1,1,1,1,1,1,1,1,1,-1,1,0,-1,1,1,0,1,1,1,1,1,-1,1,-1,1,1,1,1.0
1500,9037,-1,-1,1,1,1,-1,-1,-1,1,1,1,1,-1,-1,-1,0,1,1,0,1,1,1,1,1,1,1,-1,1,0,1,0.0
1501,370,1,-1,1,1,1,-1,-1,-1,1,1,1,1,1,-1,0,-1,1,1,0,1,1,1,1,-1,-1,-1,-1,1,0,1,0.0
1502,518,1,1,1,1,1,-1,-1,1,-1,1,1,1,1,1,1,1,1,1,0,1,1,1,1,1,-1,1,-1,1,1,1,1.0
1503,9545,1,-1,-1,1,-1,-1,-1,-1,-1,1,1,-1,1,-1,1,-1,1,-1,1,1,1,1,1,1,-1,0,-1,-1,0,1,0.0
1504,6315,-1,1,1,1,1,-1,0,0,-1,1,1,1,1,-1,0,-1,1,1,0,1,1,1,1,1,1,0,-1,1,1,1,0.0
1505,9131,-1,1,1,1,1,-1,1,1,-1,-1,1,1,1,0,0,0,1,1,0,-1,1,-1,1,1,1,1,1,1,-1,1,1.0
1506,3440,1,-1,1,1,1,-1,0,0,-1,-1,1,1,1,-1,1,-1,1,1,0,1,1,-1,1,1,-1,1,-1,1,1,1,0.0
1507,2716,1,1,1,1,1,-1,1,-1,-1,1,1,1,1,1,1,1,1,1,0,1,1,1,1,1,-1,1,-1,1,1,1,1.0
1508,6617,1,-1,1,1,1,-1,1,1,-1,1,1,1,1,0,0,-1,1,1,0,1,1,1,1,-1,1,0,-1,1,0,1,1.0
1509,2226,1,-1,1,1,1,-1,-1,-1,-1,1,1,1,-1,-1,-1,-1,1,1,0,1,1,1,1,1,1,-1,-1,1,0,1,0.0
1510,6152,-1,-1,1,1,1,-1,1,-1,1,1,1,1,-1,-1,-1,-1,1,1,0,1,1,1,1,-1,1,0,1,1,0,1,0.0
1511,5273,1,-1,1,-1,1,-1,-1,1,-1,-1,1,1,1,0,0,-1,-1,-1,0,-1,1,-1,1,-1,1,0,1,1,-1,1,1.0
1512,9987,-1,-1,1,-1,1,-1,1,1,-1,-1,-1,1,1,1,0,-1,-1,1,0,-1,-1,-1,-1,1,1,0,-1,1,1,1,1.0
1513,9356,-1,-1,1,1,1,-1,1,1,1,1,1,1,-1,0,1,1,1,1,0,1,1,1,1,1,1,1,-1,1,1,1,1.0
1514,5038,1,-1,1,1,1,-1,-1,-1,1,1,1,1,-1,1,-1,-1,1,1,0,1,1,1,1,-1,1,-1,-1,-1,1,1,0.0
1515,8578,-1,-1,1,1,1,-1,-1,1,1,1,1,1,1,0,-1,-1,1,1,0,1,1,1,1,1,1,-1,-1,-1,0,-1,0.0
1516,432,1,-1,1,1,1,-1,1,1,-1,1,1,1,1,0,0,-1,1,1,0,1,1,1,1,1,1,1,-1,1,0,1,1.0
1517,4251,1,-1,1,1,1,-1,1,1,1,-1,-1,1,-1,0,0,-1,-1,1,0,-1,1,-1,-1,1,1,-1,-1,1,0,-1,1.0
1518,5954,1,-1,1,1,1,-1,0,1,1,1,1,1,-1,0,0,1,1,1,0,1,1,1,1,-1,1,-1,-1,1,0,1,1.0
1519,2396,1,-1,1,1,1,-1,0,-1,-1,-1,-1,1,1,-1,0,-1,-1,1,0,-1,-1,-1,-1,-1,1,1,-1,1,0,-1,0.0
1520,859,1,-1,1,1,1,-1,0,0,1,-1,-1,1,-1,-1,0,-1,-1,1,0,-1,1,-1,-1,1,-1,0,-1,1,0,-1,0.0
1521,7688,1,1,1,1,1,-1,-1,-1,-1,1,1,1,1,0,0,0,1,1,0,1,1,1,1,1,1,1,1,1,0,1,1.0
1522,4070,-1,1,-1,1,-1,1,1,1,-1,1,1,-1,1,0,0,1,1,-1,1,1,1,1,1,1,-1,1,-1,1,1,1,1.0
1523,549,1,1,1,1,1,-1,1,1,-1,1,1,1,1,0,0,1,1,1,0,1,1,1,1,1,-1,1,-1,1,0,1,1.0
1524,2948,1,-1,1,1,1,-1,0,-1,-1,1,1,1,1,0,0,-1,1,1,0,1,1,1,1,1,1,1,-1,1,0,1,1.0
1525,8717,1,-1,1,1,1,-1,1,1,-1,-1,-1,1,1,1,0,-1,-1,1,0,1,1,-1,-1,1,1,1,-1,1,1,1,1.0
1526,4081,1,-1,1,1,1,-1,0,-1,1,1,1,1,1,0,-1,-1,1,1,0,1,1,1,1,-1,1,1,-1,1,1,1,0.0
1527,6284,1,-1,1,1,1,-1,0,1,-1,1,1,1,1,0,-1,1,1,1,0,1,1,1,1,-1,1,1,1,1,0,1,1.0
1528,9771,-1,-1,-1,1,-1,-1,-1,0,1,1,1,-1,-1,-1,-1,-1,1,-1,1,1,1,1,1,1,-1,-1,-1,1,0,1,0.0
1529,8148,-1,-1,-1,1,-1,-1,0,1,-1,1,1,-1,1,0,0,-1,1,-1,0,1,1,1,1,-1,-1,1,-1,-1,1,1,1.0
1530,1781,1,-1,1,1,1,1,1,1,1,1,1,1,-1,1,1,-1,1,1,0,1,1,1,1,1,1,1,-1,1,0,1,1.0
1531,6335,1,-1,-1,-1,-1,-1,0,1,-1,1,1,-1,1,0,-1,1,-1,-1,0,1,1,1,1,-1,-1,1,1,1,-1,1,1.0
1532,5827,1,-1,1,1,1,-1,1,1,-1,1,1,1,-1,0,1,1,1,1,0,1,1,1,1,-1,1,1,-1,1,0,-1,1.0
1533,730,1,-1,1,1,1,-1,0,1,1,1,1,1,-1,1,-1,-1,1,1,0,1,1,1,1,-1,-1,1,-1,1,1,1,1.0
1534,330,1,1,1,-1,1,-1,-1,1,-1,1,1,1,1,0,1,1,1,1,0,1,1,1,1,-1,1,1,-1,1,0,1,1.0
1535,6815,1,-1,1,1,1,-1,1,1,-1,1,1,1,1,0,0,0,1,1,0,1,1,1,1,-1,1,1,-1,1,0,1,1.0
1536,6584,-1,-1,1,1,1,-1,0,-1,-1,-1,1,1,1,0,0,1,1,1,0,1,1,-1,1,-1,1,0,1,1,1,1,0.0
1537,972,1,1,1,1,1,-1,1,1,-1,1,1,1,1,1,1,1,1,1,0,1,1,1,1,1,1,1,-1,1,0,1,1.0
1538,664,1,-1,1,1,1,1,1,1,1,1,1,1,-1,1,-1,-1,1,1,0,1,1,-1,1,1,1,1,-1,1,0,1,1.0
1539,7772,1,1,1,1,1,-1,-1,1,-1,-1,1,1,1,0,-1,0,1,1,0,-1,1,-1,1,1,1,1,-1,1,0,1,1.0
1540,7605,-1,-1,1,1,1,-1,0,-1,-1,1,1,1,1,-1,0,-1,1,1,0,1,1,1,1,-1,1,-1,-1,1,0,1,0.0
1541,1230,1,1,1,1,1,-1,0,1,-1,1,1,-1,1,0,-1,-1,1,1,0,1,1,1,1,-1,-1,0,-1,1,1,1,0.0
1542,7990,-1,-1,1,1,1,-1,1,0,1,1,1,1,-1,-1,-1,-1,1,1,0,1,1,1,1,-1,1,-1,-1,1,1,1,0.0
1543,4689,1,-1,1,1,-1,-1,1,-1,-1,1,1,1,1,0,0,-1,-1,1,1,1,1,1,1,-1,-1,0,-1,-1,0,1,0.0
1544,7648,-1,-1,1,1,1,-1,-1,-1,1,1,1,1,-1,-1,-1,-1,1,1,1,1,1,1,1,-1,1,-1,-1,1,1,1,0.0
1545,4712,1,-1,1,1,1,1,1,1,-1,1,1,1,1,0,1,-1,1,1,0,1,1,1,1,1,-1,-1,-1,1,1,1,1.0
1546,3248,1,-1,1,1,1,-1,0,-1,-1,1,1,1,1,0,1,-1,1,1,0,1,1,1,1,-1,1,1,-1,1,0,1,1.0
1547,114,1,-1,1,1,1,1,-1,1,-1,1,1,1,1,1,1,-1,1,1,0,1,1,1,1,1,1,1,-1,1,-1,1,1.0
1548,1390,1,-1,1,1,1,-1,1,1,-1,1,1,-1,1,0,1,-1,1,1,0,1,1,1,1,1,1,0,-1,1,-1,1,1.0
1549,7560,1,-1,1,1,1,1,-1,1,-1,1,1,1,1,1,1,-1,1,1,0,1,1,1,1,-1,1,1,-1,1,0,1,1.0
1550,34,1,0,1,1,1,-1,-1,1,-1,1,1,1,1,0,1,-1,-1,-1,0,1,1,1,1,1,1,1,-1,1,0,-1,1.0
1551,2654,1,-1,1,1,1,-1,-1,-1,-1,-1,-1,1,1,1,-1,-1,-1,1,0,-1,-1,-1,-1,-1,-1,1,-1,1,1,-1,0.0
1552,5216,1,-1,1,1,1,-1,0,1,-1,1,1,1,1,1,1,1,1,1,0,1,1,1,1,-1,1,1,1,1,0,1,1.0
1553,6971,1,-1,1,1,1,-1,0,1,-1,1,1,1,-1,0,-1,1,1,1,0,1,1,1,1,-1,1,1,1,1,0,1,1.0
1554,10141,-1,-1,1,1,1,-1,1,1,-1,-1,-1,1,1,1,-1,1,-1,1,0,-1,1,-1,1,1,1,1,-1,-1,0,1,1.0
1555,10093,1,-1,1,1,1,-1,1,1,-1,1,1,1,-1,0,0,1,1,1,0,1,1,1,1,1,1,-1,-1,1,0,1,1.0
1556,10832,-1,-1,1,-1,1,-1,0,-1,-1,-1,-1,1,1,0,-1,-1,-1,1,0,1,1,-1,1,1,1,0,-1,1,0,-1,0.0
1557,8084,-1,1,1,1,1,-1,0,-1,-1,1,1,1,1,-1,1,-1,1,1,0,1,1,1,1,1,1,-1,-1,1,1,1,0.0
1558,10484,1,-1,1,1,1,-1,1,1,-1,1,1,1,1,1,0,1,1,1,0,1,1,1,1,1,1,-1,-1,1,0,1,1.0
1559,470,1,1,1,1,1,-1,0,1,-1,1,1,1,1,0,0,1,1,1,0,1,1,1,1,-1,-1,1,1,1,0,1,1.0
1560,3479,1,-1,1,1,1,-1,1,1,-1,1,1,1,1,0,0,-1,1,1,0,1,1,1,1,1,1,0,-1,1,0,1,1.0
1561,8838,-1,-1,1,-1,1,-1,-1,-1,-1,1,1,1,-1,-1,1,-1,1,1,0,1,1,1,1,1,1,1,-1,1,1,1,0.0
1562,9747,1,-1,1,1,1,-1,1,1,1,1,1,1,-1,0,-1,-1,1,1,0,1,1,1,1,1,1,0,-1,1,0,1,1.0
1563,1291,1,1,1,1,1,1,0,1,-1,1,1,1,1,0,0,1,-1,-1,0,1,1,1,1,-1,1,0,-1,1,0,-1,1.0
1564,4741,1,-1,1,1,1,-1,-1,-1,1,1,1,1,1,-1,0,-1,1,1,0,1,1,1,1,-1,1,0,-1,1,0,1,0.0
1565,6605,-1,-1,1,1,1,-1,0,-1,-1,1,1,1,1,0,-1,-1,1,1,0,1,1,1,1,-1,1,0,1,1,-1,1,0.0
1566,2494,1,1,1,1,1,-1,1,1,-1,1,1,1,1,1,-1,1,1,1,0,1,1,1,1,1,-1,1,-1,1,1,1,1.0
1567,4318,1,-1,1,1,1,-1,1,1,-1,1,1,1,1,1,1,-1,1,1,0,1,1,1,1,1,1,1,-1,1,0,1,1.0
1568,3016,1,-1,1,1,1,-1,-1,-1,1,1,1,1,-1,0,-1,-1,1,1,0,1,1,1,1,-1,-1,0,-1,1,1,1,0.0
1569,10166,1,-1,1,1,1,1,1,1,-1,1,1,1,1,1,1,-1,1,1,0,1,1,1,1,1,1,1,-1,-1,0,1,1.0
1570,5567,1,-1,1,1,1,-1,0,-1,-1,1,1,1,-1,-1,-1,-1,1,1,1,1,1,1,1,-1,1,1,-1,1,0,-1,0.0
1571,6512,-1,-1,1,1,1,1,0,1,-1,1,1,1,1,0,0,-1,-1,1,0,1,1,1,1,-1,1,1,1,1,0,1,1.0
1572,2451,1,-1,1,1,1,-1,1,1,-1,1,1,1,1,1,0,-1,1,1,0,1,1,1,1,1,1,1,-1,1,0,1,1.0
1573,8028,1,1,1,1,1,-1,0,1,-1,1,1,1,1,0,0,0,1,1,0,1,1,1,1,1,1,1,1,1,0,1,1.0
1574,760,1,1,1,1,1,-1,1,1,-1,1,1,1,1,1,-1,1,1,1,0,1,1,1,1,1,1,1,1,-1,0,1,1.0
1575,5849,-1,-1,1,1,1,-1,0,-1,-1,1,1,1,-1,-1,1,-1,1,1,0,1,1,1,1,-1,1,-1,-1,1,1,-1,0.0
1576,10935,-1,-1,1,1,1,-1,1,1,-1,-1,1,1,1,0,-1,0,1,1,0,-1,1,-1,1,1,1,1,-1,1,1,1,1.0
1577,3752,-1,-1,-1,1,-1,-1,1,1,1,1,1,-1,-1,0,1,-1,1,-1,1,1,1,1,1,1,-1,1,1,1,1,1,1.0
1578,2222,1,1,1,1,1,-1,0,1,-1,-1,-1,1,1,0,0,1,-1,1,0,-1,1,-1,-1,-1,-1,1,-1,1,1,-1,1.0
1579,8093,1,-1,1,1,1,-1,0,-1,-1,1,1,1,1,-1,1,-1,1,1,0,1,1,1,1,-1,1,1,1,1,0,1,0.0
1580,1273,1,-1,1,-1,1,-1,0,-1,-1,1,1,1,1,-1,1,-1,-1,-1,0,1,1,1,1,-1,1,1,-1,1,1,-1,0.0
1581,824,1,-1,1,1,1,-1,0,0,-1,1,1,1,1,-1,0,-1,1,1,0,1,1,1,1,1,1,-1,-1,1,0,1,0.0
1582,9606,1,-1,1,1,1,-1,1,1,-1,1,1,1,1,0,0,1,1,1,0,1,1,1,1,-1,1,0,-1,1,0,1,1.0
1583,5585,1,-1,1,-1,1,-1,1,0,-1,1,1,1,1,1,-1,-1,1,1,0,1,1,1,1,-1,1,1,1,1,0,1,1.0
1584,797,1,-1,1,1,1,-1,0,-1,-1,1,1,1,-1,1,1,-1,1,1,0,1,1,1,1,-1,-1,-1,-1,1,1,1,1.0
1585,495,1,-1,1,1,1,-1,0,-1,-1,1,1,1,-1,0,0,-1,1,1,0,1,1,1,1,1,1,1,-1,1,1,1,1.0
1586,1709,1,-1,1,1,1,-1,1,1,-1,1,1,1,1,1,1,-1,1,1,0,1,1,1,1,1,1,1,-1,1,0,1,1.0
1587,8979,-1,-1,1,1,1,-1,0,1,-1,-1,1,1,1,0,1,-1,1,1,0,1,1,-1,-1,1,1,1,-1,1,1,1,1.0
1588,1918,1,-1,1,1,1,-1,0,0,1,-1,-1,1,-1,-1,1,-1,-1,1,0,1,1,-1,1,1,-1,-1,-1,-1,0,-1,0.0
1589,3635,1,-1,1,1,1,-1,-1,1,-1,-1,-1,1,1,1,-1,-1,-1,1,0,-1,1,-1,-1,-1,1,1,1,1,0,-1,1.0
1590,6569,-1,-1,1,1,1,-1,1,-1,1,1,1,1,-1,-1,-1,-1,1,1,0,1,1,1,1,-1,1,-1,1,1,0,1,0.0
1591,10647,-1,-1,1,-1,1,-1,-1,-1,1,-1,-1,1,-1,-1,0,0,-1,1,0,-1,-1,-1,-1,1,1,1,-1,1,0,1,0.0
1592,10151,-1,-1,1,1,1,-1,0,-1,-1,1,1,1,-1,0,0,-1,1,1,0,1,1,1,1,1,1,1,-1,1,0,1,0.0
1593,9775,-1,1,1,1,1,-1,-1,0,-1,1,1,1,1,-1,-1,-1,1,1,0,1,1,1,1,1,1,0,1,-1,1,1,0.0
1594,1467,-1,-1,-1,1,-1,1,1,1,1,1,1,-1,-1,0,0,-1,1,1,1,1,1,1,1,1,-1,1,-1,1,1,1,1.0
1595,10277,-1,-1,1,1,1,-1,1,1,-1,-1,1,1,1,1,1,-1,1,1,0,1,1,-1,1,1,1,1,-1,1,1,1,1.0
1596,2172,1,-1,1,1,1,-1,0,0,-1,1,1,1,-1,-1,0,-1,1,1,0,1,1,1,1,1,1,-1,-1,1,0,1,0.0
1597,4766,-1,-1,-1,1,-1,-1,-1,-1,-1,-1,-1,-1,-1,-1,1,-1,-1,-1,1,-1,-1,-1,-1,1,-1,1,-1,1,1,-1,0.0
1598,5698,1,-1,1,1,1,-1,1,1,-1,-1,-1,1,1,1,0,-1,-1,1,0,1,1,-1,-1,-1,1,1,1,1,1,1,1.0
1599,4278,1,-1,1,1,1,-1,1,1,1,1,1,1,-1,1,0,-1,1,1,0,1,1,1,1,1,1,-1,-1,1,0,1,1.0
1600,2717,-1,1,-1,1,-1,-1,0,-1,-1,-1,1,-1,1,-1,1,1,1,-1,0,-1,1,-1,1,-1,-1,1,-1,1,1,-1,0.0
1601,6248,1,1,1,1,1,-1,1,1,-1,1,1,1,1,1,1,-1,1,1,0,1,1,1,1,1,1,1,-1,1,0,-1,1.0
1602,8592,1,1,1,-1,1,-1,1,1,-1,1,1,1,1,1,0,0,1,1,0,1,1,1,1,1,1,1,1,1,0,1,1.0
1603,8948,-1,-1,1,1,1,-1,1,1,-1,1,1,1,1,0,-1,1,1,1,0,1,1,1,1,-1,1,1,-1,1,1,1,1.0
1604,6886,1,-1,1,1,1,-1,-1,1,-1,1,1,1,1,0,0,1,1,1,1,1,1,1,1,-1,1,1,1,1,0,1,1.0
1605,9110,1,-1,-1,1,-1,1,1,1,-1,1,1,-1,1,1,-1,-1,1,-1,1,1,1,1,1,1,-1,-1,-1,1,1,1,1.0
1606,10929,1,-1,1,1,1,1,1,1,-1,1,1,1,1,0,0,1,1,1,0,1,1,1,1,1,1,0,-1,1,0,1,1.0
1607,10843,-1,-1,-1,1,-1,-1,1,1,1,1,1,-1,1,0,1,1,1,-1,1,1,1,1,1,1,-1,-1,-1,-1,1,1,1.0
1608,1554,1,-1,1,1,1,1,-1,1,1,1,1,1,-1,1,0,-1,-1,1,0,1,1,1,1,1,-1,-1,-1,1,1,1,1.0
1609,7517,-1,-1,-1,-1,-1,-1,1,1,-1,1,1,-1,1,0,-1,0,1,-1,0,1,1,1,1,-1,-1,1,-1,-1,1,1,1.0
1610,5460,1,-1,1,1,1,-1,-1,1,-1,1,1,1,1,0,0,1,1,1,0,1,1,1,1,-1,1,1,-1,1,0,1,1.0
1611,8420,-1,-1,1,1,1,-1,-1,1,-1,1,1,1,-1,0,-1,1,1,1,0,1,1,1,1,1,1,1,-1,1,1,1,1.0
1612,4126,1,-1,1,1,1,-1,-1,-1,1,1,1,1,-1,-1,0,-1,1,1,0,1,1,1,1,1,-1,-1,-1,1,0,1,0.0
1613,9711,-1,-1,1,1,1,-1,-1,0,1,1,1,1,-1,-1,1,1,1,1,0,1,1,1,1,1,1,0,-1,1,1,1,0.0
1614,8862,1,-1,1,1,1,-1,1,1,-1,1,1,1,1,0,1,0,1,1,0,1,1,1,1,-1,1,0,-1,1,0,1,1.0
1615,1070,-1,-1,-1,1,-1,-1,-1,-1,-1,-1,-1,-1,1,-1,1,-1,-1,-1,1,-1,-1,-1,-1,-1,-1,1,-1,1,1,-1,0.0
1616,9857,1,-1,1,1,1,-1,1,-1,1,1,1,1,-1,-1,-1,0,1,1,0,1,1,1,1,-1,1,0,-1,1,0,1,0.0
1617,1137,1,-1,1,1,1,-1,0,1,1,1,1,1,-1,0,-1,-1,1,1,0,1,1,1,1,-1,-1,0,-1,-1,0,1,0.0
1618,7073,-1,-1,1,1,1,1,1,1,-1,1,1,1,1,0,1,-1,1,1,0,1,1,1,1,-1,1,-1,1,1,1,1,1.0
1619,9118,-1,-1,-1,-1,-1,-1,1,1,-1,1,1,-1,1,1,0,-1,-1,-1,1,1,1,1,1,-1,-1,-1,-1,1,-1,1,1.0
1620,8158,1,-1,1,1,1,-1,0,-1,-1,1,1,1,1,0,1,-1,1,1,0,1,1,1,1,-1,1,1,-1,1,0,1,1.0
1621,6000,-1,1,-1,1,-1,-1,1,1,-1,1,1,-1,1,1,-1,-1,1,-1,0,1,1,1,1,1,-1,1,-1,-1,1,1,1.0
1622,8427,-1,1,1,1,1,-1,1,-1,-1,1,1,1,1,1,1,-1,1,1,0,1,1,1,1,1,1,1,1,1,1,1,1.0
1623,8732,-1,-1,1,1,1,-1,0,1,-1,1,1,1,1,0,-1,-1,1,1,0,1,1,1,1,1,1,1,-1,-1,0,1,0.0
1624,3176,-1,1,-1,1,-1,-1,0,1,-1,-1,-1,-1,-1,0,1,1,-1,-1,1,-1,1,-1,1,-1,-1,-1,1,1,1,-1,1.0
1625,3107,1,-1,1,1,1,-1,0,-1,1,1,1,1,-1,-1,0,-1,1,1,0,1,1,1,1,-1,-1,0,-1,1,0,1,0.0
1626,4833,-1,-1,-1,1,-1,-1,0,0,1,-1,-1,-1,-1,-1,1,-1,-1,-1,1,-1,-1,-1,-1,1,-1,0,-1,1,1,-1,0.0
1627,7437,1,-1,1,1,1,-1,1,1,-1,1,1,1,1,0,-1,-1,1,1,0,1,1,1,1,-1,1,0,1,1,0,1,0.0
1628,6678,-1,-1,1,-1,1,-1,0,-1,1,1,1,-1,-1,-1,-1,-1,1,-1,0,1,1,1,1,-1,1,0,-1,1,1,1,0.0
1629,378,-1,-1,-1,1,-1,-1,0,0,1,-1,-1,-1,-1,-1,1,-1,-1,-1,1,1,1,-1,1,1,-1,-1,-1,1,1,-1,0.0
1630,3547,1,-1,1,1,1,-1,1,1,1,1,1,1,-1,1,1,-1,1,1,0,1,1,1,1,1,-1,-1,1,1,1,1,1.0
1631,1164,-1,-1,-1,1,-1,-1,-1,1,-1,1,1,-1,1,1,1,-1,1,-1,1,1,1,1,1,1,1,1,-1,1,1,1,1.0
1632,6554,1,-1,1,1,1,-1,0,1,-1,1,1,1,1,0,0,-1,1,1,0,1,1,1,1,-1,1,0,1,1,-1,1,1.0
1633,6021,-1,-1,1,1,1,-1,0,1,-1,1,1,1,1,0,1,1,1,1,0,1,1,1,1,-1,1,1,-1,1,0,1,1.0
1634,5544,-1,1,1,1,1,-1,1,1,-1,1,1,1,1,0,-1,-1,-1,1,0,1,1,1,1,1,1,0,1,1,0,1,1.0
1635,10695,1,-1,1,1,1,-1,-1,-1,1,1,1,1,-1,1,-1,-1,1,1,0,1,1,1,1,1,1,1,-1,1,0,1,0.0
1636,10691,-1,-1,1,-1,1,-1,0,1,-1,1,1,1,-1,0,1,-1,1,1,0,1,1,1,1,1,1,0,-1,-1,0,1,0.0
1637,10996,1,-1,1,1,1,1,1,1,-1,1,1,-1,1,1,0,-1,1,1,0,1,1,1,1,1,1,1,-1,1,0,1,1.0
1638,10280,1,1,1,1,1,-1,-1,-1,-1,1,1,1,1,-1,0,-1,1,1,0,1,1,1,1,1,1,1,1,-1,0,-1,0.0
1639,5053,1,-1,1,-1,1,-1,-1,-1,1,1,1,1,-1,0,0,-1,1,1,0,1,1,1,1,-1,-1,-1,1,1,1,1,0.0
1640,5444,-1,1,1,1,-1,1,1,1,-1,-1,1,1,1,1,1,-1,1,1,0,-1,1,-1,1,1,1,1,1,-1,0,1,1.0
1641,5219,-1,-1,1,1,1,-1,1,1,-1,-1,-1,1,-1,0,1,0,1,1,0,1,1,-1,1,-1,1,1,1,1,1,1,1.0
1642,1875,1,1,1,1,1,-1,-1,-1,-1,1,1,1,-1,-1,0,1,1,1,0,1,1,1,1,-1,-1,-1,-1,1,0,1,0.0
1643,8384,1,-1,1,1,1,-1,-1,1,-1,1,1,1,-1,-1,-1,1,-1,1,0,1,1,1,1,1,1,1,-1,-1,0,1,0.0
1644,3022,1,1,1,1,1,-1,0,1,-1,1,1,1,1,0,-1,1,1,1,0,1,1,1,1,-1,1,1,-1,1,0,1,1.0
1645,7035,1,-1,1,-1,1,-1,-1,1,1,1,1,-1,-1,0,0,-1,1,-1,0,1,1,1,1,-1,1,1,-1,1,0,1,1.0
1646,6824,-1,-1,1,-1,1,-1,1,1,-1,-1,-1,1,1,0,0,-1,-1,1,0,-1,1,-1,-1,-1,1,1,-1,1,1,1,1.0
1647,4442,1,1,1,1,1,1,-1,1,-1,1,1,1,1,1,0,1,1,1,0,1,1,1,1,-1,-1,1,-1,1,1,1,1.0
1648,4963,1,-1,-1,1,1,-1,0,1,-1,1,1,1,-1,0,1,-1,1,1,0,1,1,1,1,-1,1,1,1,-1,0,-1,1.0
1649,10385,1,1,1,1,1,-1,1,1,-1,1,1,1,1,0,1,-1,1,1,0,1,1,1,1,-1,1,-1,1,1,0,-1,1.0
1650,10727,-1,1,1,-1,1,-1,0,-1,1,1,1,1,1,-1,-1,-1,1,1,0,1,1,1,1,1,1,1,1,1,0,1,0.0
1651,2651,1,0,-1,1,1,-1,-1,-1,1,1,1,1,-1,-1,0,-1,-1,-1,0,1,1,1,1,1,-1,-1,-1,1,0,-1,0.0
1652,5334,-1,-1,1,1,1,-1,0,-1,-1,-1,1,1,-1,-1,-1,-1,1,1,1,1,1,-1,1,-1,1,0,1,1,1,1,0.0
1653,5441,-1,-1,1,1,1,-1,1,-1,-1,1,1,1,1,0,-1,-1,1,1,0,1,1,1,1,-1,1,0,-1,1,0,1,0.0
1654,7789,1,-1,1,1,1,1,1,1,1,1,1,1,-1,1,-1,-1,1,1,0,1,1,-1,1,-1,1,1,1,1,0,1,1.0
1655,2343,1,-1,1,1,1,-1,0,1,1,1,1,1,-1,0,0,-1,1,1,0,1,1,1,1,-1,1,-1,1,1,0,1,1.0
1656,10312,-1,1,1,1,1,-1,-1,-1,-1,1,1,1,1,-1,0,0,1,1,0,1,1,1,1,-1,1,0,1,1,0,1,0.0
1657,553,1,-1,1,1,1,1,1,1,1,1,1,1,-1,1,1,-1,1,1,0,1,1,1,1,1,1,1,-1,1,0,1,1.0
1658,3671,1,-1,1,1,1,-1,-1,1,-1,-1,1,-1,1,0,-1,-1,-1,-1,0,-1,1,-1,-1,1,-1,1,1,1,0,-1,1.0
1659,2862,1,-1,1,1,1,-1,0,-1,1,1,1,1,1,0,-1,-1,1,1,0,1,1,1,1,-1,1,1,-1,1,0,1,1.0
1660,8451,-1,-1,1,1,1,-1,-1,1,1,1,1,1,-1,-1,0,-1,1,1,0,1,1,1,-1,1,1,1,-1,-1,0,-1,0.0
1661,2571,1,-1,1,1,1,1,-1,1,-1,-1,-1,-1,1,0,1,-1,-1,1,0,1,1,-1,-1,1,-1,1,-1,1,1,-1,1.0
1662,7994,-1,-1,1,1,1,-1,-1,1,1,1,1,1,-1,0,0,0,1,1,1,1,1,1,1,-1,1,1,-1,1,1,1,1.0
1663,5974,-1,-1,-1,-1,1,1,1,1,1,1,1,1,-1,1,0,-1,-1,-1,0,1,1,1,1,-1,1,0,-1,1,0,1,1.0
1664,7531,1,-1,1,1,1,-1,-1,1,-1,1,1,1,1,0,0,-1,1,1,0,1,1,1,1,-1,1,0,1,1,0,1,1.0
1665,8844,-1,1,1,1,1,-1,-1,-1,-1,1,1,1,1,-1,-1,-1,1,1,0,1,1,1,1,1,1,1,1,1,0,1,0.0
1666,8994,-1,-1,1,-1,1,-1,0,-1,1,-1,-1,1,-1,-1,-1,-1,-1,1,0,-1,-1,-1,-1,1,1,1,-1,1,0,1,0.0
1667,1972,1,-1,1,1,1,-1,-1,1,-1,-1,-1,1,1,-1,1,-1,-1,1,0,-1,1,-1,-1,1,-1,1,-1,1,1,-1,1.0
1668,5052,1,-1,1,1,1,-1,-1,1,-1,1,1,1,1,1,-1,-1,1,1,0,1,1,1,1,1,-1,1,-1,1,1,1,1.0
1669,6895,-1,-1,1,1,1,-1,-1,1,-1,-1,1,1,1,0,-1,-1,1,1,0,1,1,-1,1,-1,1,1,1,1,1,1,1.0
1670,9199,-1,-1,-1,1,-1,1,1,1,-1,1,1,-1,1,1,1,-1,1,-1,1,1,1,1,1,1,-1,0,-1,1,1,1,1.0
1671,7296,-1,-1,-1,1,-1,-1,1,1,-1,1,1,-1,1,0,0,0,1,-1,0,1,1,1,1,-1,-1,1,-1,-1,1,1,1.0
1672,1078,1,-1,1,1,1,-1,-1,1,-1,1,1,1,1,0,-1,-1,1,1,0,1,1,1,1,-1,1,1,-1,1,0,1,1.0
1673,6424,-1,-1,1,1,1,-1,1,1,1,1,1,1,-1,0,0,-1,1,1,0,1,1,1,1,-1,1,0,-1,1,1,1,1.0
1674,1067,1,-1,1,1,1,-1,0,1,-1,1,1,1,1,0,0,-1,1,1,0,1,1,1,1,1,1,0,-1,1,0,1,1.0
1675,399,1,-1,1,1,1,-1,0,1,-1,1,1,1,-1,0,1,-1,1,1,0,1,1,1,1,-1,1,1,1,-1,0,1,1.0
1676,5288,-1,-1,1,-1,1,-1,1,0,1,1,1,1,1,0,-1,-1,1,1,1,1,1,1,1,-1,1,0,1,1,1,-1,0.0
1677,778,1,-1,1,1,1,-1,1,1,-1,1,1,1,1,0,-1,-1,1,1,0,1,1,1,1,1,1,1,-1,1,0,1,1.0
1678,4707,1,-1,1,1,1,-1,0,-1,-1,1,1,1,1,0,0,-1,1,1,0,1,1,1,1,-1,1,1,-1,1,0,1,1.0
1679,8404,-1,-1,-1,-1,-1,-1,1,1,-1,1,1,-1,1,0,-1,-1,1,-1,1,1,1,1,1,1,-1,0,-1,1,1,1,1.0
1680,7291,1,-1,1,1,1,-1,0,1,1,1,1,1,-1,0,0,1,1,1,0,1,1,1,1,-1,1,1,1,1,0,1,1.0
1681,7256,-1,-1,1,1,1,-1,0,-1,-1,1,1,1,1,-1,0,-1,1,1,0,1,1,1,1,-1,1,0,-1,1,1,1,0.0
1682,7389,1,-1,1,1,1,-1,0,1,-1,1,1,1,1,0,0,0,1,1,0,1,1,1,1,-1,1,1,1,1,0,1,1.0
1683,5105,1,-1,1,1,1,-1,0,-1,1,1,1,1,-1,-1,0,-1,1,1,0,1,1,1,1,-1,1,0,-1,1,0,-1,0.0
1684,6266,1,-1,1,1,1,-1,0,1,-1,1,1,1,1,0,0,-1,1,1,0,1,1,1,1,-1,1,0,-1,1,0,1,0.0
1685,8561,-1,1,1,-1,1,-1,1,1,-1,-1,-1,1,1,0,-1,0,-1,1,0,-1,-1,-1,-1,1,1,-1,1,1,1,1,1.0
1686,2327,1,-1,1,1,1,-1,-1,-1,-1,1,1,1,-1,-1,0,-1,1,1,0,1,1,1,1,-1,-1,-1,-1,1,1,1,0.0
1687,722,1,-1,1,1,1,-1,0,1,-1,1,1,1,-1,0,-1,-1,1,1,0,1,1,1,1,1,-1,1,-1,1,1,1,1.0
1688,16,1,-1,-1,-1,1,-1,0,0,1,1,1,1,-1,-1,0,-1,1,1,0,1,1,1,1,1,-1,-1,-1,1,0,1,0.0
1689,4344,1,1,1,1,1,-1,0,1,-1,-1,1,1,1,0,0,1,1,-1,0,1,-1,-1,-1,-1,-1,1,-1,1,1,-1,1.0
1690,9628,1,1,1,1,1,-1,-1,-1,1,1,1,1,-1,-1,0,-1,1,1,0,1,1,1,1,1,1,1,1,1,0,1,0.0
1691,9668,-1,-1,1,-1,1,-1,0,-1,1,-1,-1,1,1,-1,0,-1,-1,1,0,1,1,-1,1,1,1,-1,-1,1,0,1,0.0
1692,9582,1,-1,1,1,1,-1,0,1,-1,1,1,1,1,1,0,-1,1,1,0,1,1,1,1,1,1,1,-1,1,0,1,1.0
1693,8641,-1,-1,1,1,1,-1,-1,-1,1,1,1,1,-1,-1,-1,-1,1,1,0,1,1,1,1,1,1,1,-1,-1,1,1,0.0
1694,10002,1,-1,1,1,1,-1,1,1,-1,1,1,1,1,1,1,-1,1,1,0,1,1,1,1,1,1,1,-1,1,0,1,1.0
1695,8374,-1,-1,1,1,1,-1,0,0,1,1,1,1,1,-1,1,-1,-1,1,0,1,1,1,1,1,1,1,-1,1,1,1,0.0
1696,6186,-1,-1,1,-1,1,-1,0,0,1,-1,-1,1,-1,-1,-1,-1,-1,1,0,-1,1,-1,1,-1,1,1,1,1,1,1,0.0
1697,9399,-1,1,1,1,1,-1,-1,-1,-1,1,1,1,-1,-1,0,-1,1,1,0,1,1,1,1,-1,1,1,1,1,0,1,0.0
1698,7237,-1,-1,1,1,1,-1,0,-1,-1,1,1,1,1,0,0,-1,1,1,0,1,1,1,1,-1,1,0,1,1,0,1,0.0
1699,7172,-1,-1,1,-1,1,1,1,1,-1,-1,-1,1,1,1,0,-1,-1,1,0,-1,-1,-1,-1,-1,1,1,-1,1,1,1,1.0
1700,4140,1,-1,1,1,1,-1,-1,1,-1,1,1,1,1,0,-1,-1,1,1,0,1,1,1,1,1,-1,1,-1,-1,1,1,1.0
1701,3853,1,-1,1,1,1,-1,-1,-1,1,1,1,1,-1,0,-1,-1,1,1,0,1,1,1,1,-1,-1,-1,1,-1,1,1,0.0
1702,5802,-1,-1,1,1,1,-1,1,1,1,-1,1,1,-1,1,-1,-1,1,1,0,1,1,-1,1,-1,1,1,1,1,1,1,1.0
1703,7194,1,-1,1,1,1,-1,0,-1,1,1,1,1,-1,0,-1,-1,1,1,1,1,1,1,1,-1,1,0,-1,1,0,1,0.0
1704,5215,1,-1,1,1,1,-1,1,1,-1,1,1,1,-1,1,-1,-1,1,1,0,1,1,1,1,-1,1,-1,-1,1,0,1,1.0
1705,4144,1,-1,1,1,1,1,-1,1,1,-1,-1,1,-1,1,-1,-1,-1,1,0,1,1,-1,1,1,-1,1,-1,1,1,1,1.0
1706,9504,1,-1,1,-1,1,-1,-1,-1,1,-1,-1,1,-1,0,0,0,-1,1,0,1,1,-1,1,1,1,1,-1,-1,0,1,0.0
1707,1256,1,-1,-1,1,1,1,-1,1,1,1,1,1,-1,1,0,-1,-1,-1,0,1,1,1,1,1,-1,0,-1,1,0,-1,1.0
1708,1513,1,-1,1,1,1,-1,-1,-1,1,1,1,1,-1,0,-1,-1,1,1,0,1,1,1,1,-1,-1,-1,-1,-1,1,1,0.0
1709,9455,1,1,1,1,1,-1,1,1,-1,1,1,1,1,1,-1,1,1,1,0,1,1,1,1,1,1,1,1,-1,0,1,1.0
1710,627,1,-1,1,1,1,-1,-1,1,-1,-1,-1,1,-1,0,-1,-1,-1,1,0,1,1,1,1,1,-1,0,-1,1,1,-1,0.0
1711,3779,1,-1,1,1,1,-1,-1,-1,-1,1,1,1,-1,0,-1,-1,1,1,0,1,1,1,1,-1,1,-1,1,1,0,1,0.0
1712,10398,1,1,1,-1,1,-1,1,1,-1,-1,-1,1,1,0,-1,0,-1,1,0,1,1,-1,1,-1,1,-1,1,1,1,1,1.0
1713,8928,-1,1,-1,-1,1,-1,-1,-1,-1,1,1,1,1,-1,-1,-1,-1,-1,0,1,1,1,1,1,1,1,-1,-1,0,1,0.0
1714,4813,-1,-1,-1,1,-1,1,-1,1,-1,1,1,-1,1,1,-1,-1,1,-1,1,1,1,1,1,1,-1,1,-1,1,1,1,1.0
1715,5803,-1,1,1,1,1,-1,0,-1,-1,1,1,-1,1,-1,-1,0,1,1,0,1,1,1,1,1,1,-1,-1,1,-1,-1,0.0
1716,3949,1,-1,1,1,1,-1,0,1,1,1,1,1,-1,0,1,-1,1,1,0,1,1,1,1,-1,-1,1,-1,1,1,1,1.0
1717,5235,1,1,1,1,1,-1,0,1,-1,1,1,1,1,0,-1,0,1,1,0,1,1,1,1,1,1,1,1,1,0,1,1.0
1718,7889,1,-1,1,1,1,-1,-1,1,-1,1,1,1,1,0,0,-1,1,1,0,1,1,1,1,-1,1,0,-1,1,0,1,1.0
1719,8243,1,-1,-1,-1,-1,1,1,1,-1,1,1,-1,-1,1,0,1,-1,-1,0,1,1,1,1,1,1,1,-1,1,1,1,1.0
1720,5878,1,-1,1,1,1,-1,1,1,-1,1,1,1,-1,1,-1,1,1,1,0,1,1,1,1,-1,1,0,1,1,0,1,1.0
1721,5319,-1,1,1,-1,-1,-1,-1,-1,-1,1,1,1,1,0,-1,-1,-1,-1,0,1,1,1,1,-1,-1,-1,1,1,1,1,0.0
1722,7987,1,-1,-1,1,-1,-1,1,1,-1,1,1,-1,1,0,1,-1,1,-1,0,1,1,1,1,-1,-1,1,-1,-1,1,1,1.0
1723,2028,1,-1,1,1,1,1,-1,1,1,-1,-1,1,-1,0,1,-1,-1,1,0,-1,1,-1,-1,1,-1,1,-1,1,1,-1,1.0
1724,8783,1,-1,1,1,1,1,0,1,1,-1,-1,1,-1,1,0,-1,-1,1,0,1,1,-1,-1,-1,1,-1,-1,1,0,1,1.0
1725,10068,1,-1,1,1,1,-1,1,1,-1,1,1,1,-1,1,1,-1,1,1,0,1,1,1,1,1,1,-1,-1,1,0,1,1.0
1726,9180,1,-1,1,1,1,-1,1,1,1,1,1,1,1,1,0,0,1,1,0,1,1,1,1,1,1,1,-1,1,0,1,1.0
1727,5031,1,1,1,1,1,-1,1,0,-1,1,1,1,1,0,0,-1,1,1,0,1,1,1,1,1,1,1,-1,1,-1,-1,1.0
1728,8926,1,-1,1,1,1,1,0,1,-1,1,1,1,1,0,-1,-1,1,1,0,1,1,1,1,-1,1,0,-1,1,0,1,1.0
1729,10522,1,1,1,-1,1,-1,0,1,-1,1,1,1,1,0,0,-1,1,-1,0,1,1,1,1,-1,1,1,-1,1,0,1,1.0
1730,10349,-1,-1,1,-1,1,-1,0,-1,1,-1,-1,1,-1,-1,0,-1,-1,1,0,-1,-1,-1,-1,1,1,1,-1,1,1,1,0.0
1731,5794,1,-1,1,1,1,-1,0,0,1,1,1,1,-1,-1,-1,1,1,1,0,1,1,1,1,-1,1,-1,-1,1,0,-1,0.0
1732,3882,1,-1,1,1,1,1,-1,1,-1,-1,-1,1,-1,1,0,-1,-1,1,0,1,1,1,1,1,1,1,-1,1,0,-1,1.0
1733,7477,-1,-1,1,1,1,-1,-1,1,-1,1,1,1,1,0,-1,-1,1,1,0,1,1,1,1,-1,1,0,-1,1,1,1,1.0
1734,4437,1,-1,1,1,1,-1,-1,1,-1,-1,1,1,1,1,1,-1,1,1,0,1,1,-1,1,1,-1,1,1,-1,1,1,1.0
1735,3745,1,-1,1,1,1,-1,1,1,-1,1,1,1,-1,0,0,-1,1,1,0,1,1,1,1,1,1,1,1,1,0,1,1.0
1736,8252,1,-1,1,1,1,-1,1,1,-1,1,1,1,1,0,1,-1,1,1,0,1,1,1,1,1,1,1,-1,1,0,1,1.0
1737,4572,-1,-1,-1,1,-1,-1,0,0,-1,-1,-1,-1,-1,-1,1,-1,-1,-1,0,-1,1,-1,1,1,-1,0,-1,1,-1,-1,0.0
1738,4436,-1,-1,-1,1,-1,1,1,1,-1,1,1,-1,1,0,0,-1,1,-1,1,1,1,1,1,1,-1,1,-1,1,1,-1,1.0
1739,6880,1,-1,1,1,1,-1,0,1,1,1,1,1,-1,-1,-1,0,1,1,0,1,1,1,1,-1,1,-1,-1,1,0,1,0.0
1740,8604,-1,-1,1,1,1,-1,0,0,-1,1,1,1,-1,0,-1,-1,1,1,0,1,1,1,1,1,1,1,-1,1,1,1,0.0
1741,1041,-1,-1,-1,1,-1,1,1,1,-1,1,1,-1,1,1,1,-1,1,-1,1,1,1,1,1,1,1,1,-1,1,1,1,1.0
1742,7100,1,-1,1,1,1,-1,0,-1,-1,1,1,1,1,-1,0,-1,1,1,1,1,1,1,1,-1,1,-1,-1,1,1,1,0.0
1743,4805,1,-1,1,1,1,-1,-1,-1,-1,-1,-1,1,1,0,1,-1,-1,1,0,-1,1,-1,-1,1,1,0,-1,1,1,-1,1.0
1744,2880,-1,-1,-1,1,-1,1,1,1,-1,1,1,-1,1,1,0,-1,1,-1,1,1,1,1,1,1,1,1,1,1,1,1,1.0
1745,2291,1,-1,1,-1,1,-1,-1,-1,1,1,1,1,-1,-1,0,-1,1,1,0,1,1,1,1,-1,-1,-1,-1,1,1,1,0.0
1746,588,1,-1,1,1,1,-1,0,-1,-1,1,1,1,-1,-1,-1,-1,1,1,0,1,1,1,1,-1,-1,0,-1,-1,0,1,0.0
1747,3626,1,1,1,1,1,-1,0,-1,-1,1,1,1,1,-1,-1,1,1,1,0,1,1,1,1,-1,1,0,-1,1,0,1,0.0
1748,1333,1,-1,1,1,1,-1,-1,1,-1,1,1,1,1,0,1,-1,-1,1,0,1,1,1,1,1,1,1,-1,1,-1,1,1.0
1749,7353,-1,1,1,-1,1,1,1,1,-1,1,1,1,1,1,-1,-1,-1,-1,1,1,1,1,1,1,1,1,-1,1,1,1,1.0
1750,4548,1,-1,1,1,1,-1,0,0,1,1,1,1,1,-1,0,-1,1,1,0,1,1,1,1,1,1,-1,-1,1,0,1,0.0
1751,1113,1,-1,1,1,1,-1,-1,1,-1,-1,-1,1,1,1,0,-1,-1,1,0,-1,-1,-1,-1,-1,1,1,-1,1,0,-1,1.0
1752,997,1,-1,1,1,1,-1,-1,-1,1,1,1,1,-1,0,0,-1,1,1,0,1,1,1,1,-1,-1,-1,-1,1,0,1,0.0
1753,5480,1,1,1,1,1,-1,1,1,-1,1,1,1,1,0,0,1,1,1,0,1,1,1,1,1,1,-1,1,1,0,1,1.0
1754,4821,1,-1,1,1,1,-1,1,1,-1,1,1,1,1,1,-1,-1,1,1,0,1,1,1,1,1,-1,1,1,1,1,1,1.0
1755,9781,-1,-1,1,1,1,-1,1,1,-1,1,1,1,1,0,-1,-1,1,1,0,1,1,1,1,1,1,0,-1,-1,1,1,1.0
1756,3500,1,1,1,1,-1,1,1,1,-1,-1,1,1,1,1,1,1,1,1,1,-1,1,-1,1,1,-1,1,-1,1,0,1,1.0
1757,2079,1,-1,1,1,1,-1,1,1,1,1,1,1,-1,1,0,-1,1,1,0,1,1,1,1,1,1,-1,-1,1,0,1,1.0
1758,7054,-1,-1,1,1,1,-1,-1,1,-1,1,1,1,1,1,1,1,1,1,0,1,1,1,1,-1,1,1,-1,1,0,-1,1.0
1759,1332,1,-1,1,1,1,-1,-1,-1,1,1,1,1,-1,-1,0,-1,1,1,0,1,1,1,1,-1,-1,-1,-1,1,1,1,0.0
1760,10657,1,-1,1,1,1,1,1,1,-1,1,1,1,1,0,1,-1,1,1,0,1,1,1,1,1,1,1,-1,1,0,-1,1.0
1761,7527,-1,-1,1,1,1,-1,0,-1,1,1,1,1,-1,0,-1,-1,1,1,0,1,1,1,1,-1,1,1,1,1,1,1,0.0
1762,8832,1,-1,1,1,1,-1,-1,1,1,1,1,1,-1,0,0,1,1,1,0,1,1,1,1,1,1,1,-1,1,0,-1,1.0
1763,10901,1,-1,1,1,1,-1,1,1,1,1,1,1,-1,0,0,1,1,1,0,1,1,1,1,1,1,-1,-1,1,0,1,1.0
1764,7739,-1,-1,1,1,1,-1,0,-1,1,-1,1,1,-1,-1,1,-1,1,1,0,-1,1,-1,1,-1,1,-1,1,1,1,1,0.0
1765,940,1,-1,1,1,1,1,0,1,-1,-1,-1,1,-1,1,1,-1,-1,1,0,-1,1,-1,-1,-1,-1,1,-1,1,1,-1,1.0
1766,3879,1,-1,1,1,1,-1,-1,-1,-1,1,1,1,-1,0,-1,-1,1,1,0,1,1,1,1,-1,1,0,-1,1,0,1,0.0
1767,6626,1,-1,1,1,1,-1,0,1,1,1,1,1,1,-1,-1,-1,1,1,0,1,1,1,1,-1,1,0,-1,1,0,1,0.0
1768,1108,1,-1,1,1,1,-1,-1,-1,-1,1,1,1,1,0,-1,-1,1,1,0,1,1,1,1,-1,-1,1,-1,1,0,1,0.0
1769,2088,1,-1,1,1,1,-1,0,0,-1,1,1,1,1,-1,-1,-1,1,1,0,1,1,1,1,1,1,-1,-1,1,0,1,0.0
1770,4223,1,-1,1,1,1,-1,-1,-1,1,1,1,1,-1,-1,-1,-1,1,1,0,1,1,1,1,-1,-1,-1,-1,-1,0,1,0.0
1771,5714,-1,-1,-1,1,-1,1,1,1,-1,1,1,-1,1,1,1,-1,1,-1,0,1,1,1,1,-1,-1,1,1,-1,1,1,1.0
1772,2236,1,-1,1,-1,1,-1,-1,-1,1,1,1,1,1,-1,0,-1,1,1,0,1,1,1,1,-1,-1,-1,-1,1,1,1,0.0
1773,5333,-1,-1,1,1,1,-1,0,0,1,1,1,1,1,0,-1,-1,-1,1,0,1,1,1,1,-1,1,0,1,1,1,1,0.0
1774,9014,-1,-1,1,1,1,-1,1,1,-1,1,1,1,-1,0,0,1,1,1,0,1,1,1,1,1,1,0,-1,1,1,1,1.0
1775,8171,-1,-1,1,-1,-1,-1,-1,1,-1,1,-1,1,-1,1,1,-1,-1,1,1,1,1,1,-1,1,1,-1,-1,-1,-1,1,0.0
1776,3667,1,-1,1,1,1,-1,1,1,1,1,1,1,-1,0,1,-1,1,1,0,1,1,1,1,1,-1,1,1,1,1,1,1.0
1777,1503,1,-1,1,1,1,-1,0,1,-1,1,1,1,1,0,0,-1,1,1,0,1,1,1,1,-1,1,1,1,-1,0,1,1.0
1778,4546,1,-1,1,1,1,1,1,1,-1,1,1,1,1,1,1,-1,1,1,0,1,1,1,1,1,-1,-1,1,1,1,1,1.0
1779,5589,1,-1,1,-1,1,-1,1,-1,-1,1,1,1,1,0,0,-1,1,1,0,1,1,1,1,-1,1,0,1,1,0,1,0.0
1780,5843,1,-1,1,1,1,-1,-1,1,-1,1,1,1,1,0,1,0,1,1,0,1,1,1,1,-1,1,1,-1,1,0,1,1.0
1781,8448,-1,-1,1,1,1,-1,-1,-1,1,1,1,1,-1,-1,0,1,1,1,0,1,1,1,-1,1,1,1,-1,-1,1,1,0.0
1782,9918,1,-1,1,1,1,-1,0,1,-1,1,1,1,1,0,0,-1,1,1,0,1,1,1,1,1,1,1,-1,1,-1,1,1.0
1783,10790,1,-1,1,1,1,-1,1,1,-1,1,1,1,1,0,1,-1,1,1,0,1,1,1,1,1,1,1,-1,1,0,1,1.0
1784,1000,1,-1,1,1,1,-1,-1,1,-1,1,1,1,-1,1,1,-1,1,1,0,1,1,1,1,1,1,1,1,1,0,1,1.0
1785,7433,-1,-1,1,1,1,-1,0,-1,1,1,1,1,-1,-1,0,-1,1,1,1,1,1,1,1,-1,1,-1,1,1,1,1,0.0
1786,10022,-1,-1,1,1,1,-1,1,-1,1,1,1,1,-1,0,1,-1,1,1,0,1,1,1,1,1,1,1,-1,1,1,1,0.0
1787,7127,1,-1,1,1,1,-1,0,-1,1,1,1,1,-1,0,-1,-1,1,1,0,1,1,1,1,-1,1,0,1,1,0,1,0.0
1788,6446,-1,-1,1,1,1,-1,1,1,-1,1,1,1,1,0,-1,-1,1,1,0,1,1,1,1,-1,1,1,1,1,0,1,1.0
1789,4200,1,-1,1,1,1,-1,-1,-1,-1,1,1,1,1,0,-1,-1,1,1,0,1,1,1,1,-1,1,0,-1,1,0,1,0.0
1790,1045,1,-1,1,1,1,-1,1,-1,-1,1,1,1,1,0,1,-1,1,1,0,1,1,1,1,1,1,-1,-1,1,1,1,1.0
1791,5356,1,-1,1,1,1,-1,0,1,-1,1,1,1,1,1,1,-1,1,1,0,1,1,1,1,-1,1,1,-1,1,0,1,1.0
1792,4889,1,-1,1,1,1,-1,-1,1,-1,1,1,1,1,1,0,-1,1,1,0,1,1,1,1,1,1,1,1,1,0,1,1.0
1793,5898,1,-1,1,1,1,-1,0,-1,-1,1,1,1,1,-1,1,0,1,1,0,1,1,1,1,-1,1,-1,-1,1,1,1,0.0
1794,7713,-1,0,1,1,1,-1,0,1,-1,-1,1,-1,-1,-1,0,-1,1,1,0,-1,1,-1,-1,-1,1,0,-1,1,0,-1,0.0
1795,10890,1,1,1,1,1,-1,1,1,-1,1,1,1,1,0,1,-1,1,1,0,1,1,1,1,1,1,-1,1,1,0,1,1.0
1796,5667,-1,-1,1,-1,1,1,1,1,-1,-1,1,1,1,0,1,-1,1,-1,0,1,1,-1,1,-1,1,1,-1,1,1,1,1.0
1797,2363,1,1,1,1,1,-1,-1,1,-1,1,1,1,1,0,0,1,1,1,0,1,1,1,1,1,1,1,-1,1,0,1,1.0
1798,2535,1,1,1,1,1,-1,0,-1,-1,1,1,1,-1,-1,-1,-1,1,-1,0,1,1,-1,1,-1,-1,-1,-1,1,0,1,0.0
1799,6529,-1,-1,1,-1,1,-1,1,-1,1,-1,-1,1,-1,-1,0,-1,-1,1,1,-1,1,-1,-1,-1,1,0,-1,1,1,1,0.0
1800,10681,1,-1,1,1,1,-1,-1,-1,-1,1,1,1,1,-1,1,0,1,1,0,1,1,1,1,1,1,0,-1,1,1,1,0.0
1801,3299,1,-1,1,1,1,-1,-1,-1,1,1,1,1,1,-1,0,-1,1,1,0,1,1,1,1,-1,-1,0,-1,1,0,1,0.0
1802,1449,1,-1,1,1,1,-1,0,-1,1,1,1,1,-1,0,-1,-1,1,1,0,1,1,1,1,-1,-1,1,-1,-1,0,1,0.0
1803,6758,-1,-1,1,1,1,-1,1,-1,-1,-1,1,1,1,0,0,-1,1,1,0,-1,1,-1,1,-1,1,0,1,1,-1,1,0.0
1804,7218,1,-1,1,1,1,-1,1,0,1,1,1,1,1,-1,0,-1,1,1,0,1,1,1,1,-1,1,-1,-1,1,0,1,0.0
1805,6773,-1,-1,1,1,1,-1,1,1,-1,1,1,1,1,0,-1,-1,1,1,0,1,1,1,1,-1,1,1,-1,1,1,1,1.0
1806,1564,1,-1,1,1,1,-1,1,-1,1,1,1,1,-1,-1,-1,-1,1,1,0,1,1,1,1,-1,-1,-1,-1,-1,1,1,0.0
1807,9298,1,-1,1,1,1,-1,1,1,-1,1,1,1,1,-1,0,-1,1,1,0,1,1,1,1,1,1,-1,-1,1,-1,1,1.0
1808,10445,1,1,1,1,1,-1,1,1,-1,1,1,1,1,1,1,1,1,1,0,1,1,1,1,-1,1,0,1,-1,0,1,1.0
1809,5502,-1,-1,1,1,1,-1,0,1,-1,1,1,1,1,0,0,0,1,1,0,1,1,1,1,-1,1,1,-1,1,1,1,1.0
1810,10035,-1,-1,1,-1,1,-1,1,1,1,-1,-1,1,-1,1,0,-1,-1,1,0,-1,1,-1,-1,-1,1,0,-1,-1,1,1,1.0
1811,5309,1,-1,1,1,1,-1,0,-1,1,1,1,1,-1,-1,-1,-1,1,1,1,-1,1,1,1,-1,1,-1,1,1,0,-1,0.0
1812,10921,1,1,1,1,1,-1,1,1,-1,-1,1,-1,1,0,0,-1,1,1,0,-1,1,-1,1,1,1,1,1,1,-1,1,1.0
1813,6203,1,0,1,1,1,-1,0,-1,1,-1,1,1,-1,-1,0,1,1,1,0,-1,1,-1,1,-1,1,0,1,1,0,1,0.0
1814,7795,-1,-1,1,1,1,-1,1,1,-1,1,1,1,1,1,-1,1,1,1,0,1,1,1,1,-1,1,1,1,1,1,1,1.0
1815,9903,1,1,1,1,1,-1,1,1,-1,1,1,1,1,1,1,-1,1,1,0,1,1,1,1,1,1,1,1,1,0,1,1.0
1816,10740,1,-1,1,1,1,-1,1,1,1,1,1,1,1,1,0,1,1,1,0,1,1,1,1,1,1,-1,-1,-1,0,1,1.0
1817,5991,1,-1,1,1,1,-1,0,1,1,1,1,1,-1,1,1,1,1,1,0,1,1,1,1,-1,1,1,-1,1,0,1,1.0
1818,5952,-1,-1,1,1,1,-1,0,-1,1,1,1,1,-1,-1,-1,-1,1,1,0,1,1,1,1,-1,1,-1,-1,1,0,1,0.0
1819,9011,-1,1,-1,1,-1,-1,1,1,-1,1,1,-1,1,1,0,0,1,-1,1,1,1,1,1,1,-1,-1,1,1,1,1,1.0
1820,8782,1,1,1,-1,1,-1,1,1,-1,-1,-1,1,1,0,0,0,-1,1,0,1,1,-1,1,-1,1,1,1,1,0,1,1.0
1821,8918,1,-1,1,-1,1,-1,0,-1,1,1,1,1,-1,-1,0,-1,1,1,0,1,1,1,1,1,1,0,-1,1,0,1,0.0
1822,1010,1,-1,1,1,1,-1,-1,1,-1,1,1,1,1,0,-1,-1,1,1,0,1,1,1,1,1,1,1,-1,-1,0,1,1.0
1823,7980,1,-1,1,1,1,-1,0,-1,1,1,1,1,1,0,-1,-1,1,1,1,1,1,1,1,-1,1,0,-1,1,0,1,0.0
1824,5534,-1,-1,1,1,1,-1,1,1,-1,1,1,1,-1,0,-1,0,1,1,0,1,1,1,1,-1,1,1,-1,1,0,1,1.0
1825,4113,1,-1,1,1,1,-1,0,1,-1,-1,1,1,1,0,0,-1,-1,-1,0,-1,1,-1,1,-1,-1,0,-1,1,-1,-1,1.0
1826,6309,1,-1,1,1,1,-1,-1,-1,-1,1,1,1,1,1,0,-1,1,1,0,1,1,1,1,-1,1,1,-1,1,0,1,1.0
1827,2607,1,-1,1,-1,1,-1,-1,-1,1,1,1,1,-1,0,0,-1,1,1,0,1,1,1,1,1,-1,1,-1,-1,1,1,0.0
1828,5006,1,-1,1,1,1,-1,0,0,-1,1,1,1,-1,-1,-1,-1,1,1,0,1,1,1,1,1,-1,-1,-1,1,1,1,0.0
1829,8215,-1,0,-1,-1,1,-1,-1,1,-1,1,1,1,1,0,1,0,-1,-1,0,1,1,1,1,1,1,-1,-1,-1,0,1,1.0
1830,4928,1,-1,1,-1,1,-1,0,-1,1,1,1,1,-1,-1,-1,-1,1,-1,0,1,1,1,1,-1,1,0,1,1,0,1,0.0
1831,6080,-1,-1,1,1,1,-1,1,1,1,1,1,1,-1,0,-1,-1,1,1,0,1,1,1,1,-1,1,1,-1,1,1,1,1.0
1832,2759,-1,1,-1,1,-1,-1,-1,1,-1,1,1,-1,1,1,-1,1,1,-1,1,1,1,1,1,-1,-1,1,-1,1,1,1,1.0
1833,5198,-1,-1,1,-1,1,-1,0,-1,1,1,1,1,1,-1,-1,-1,1,1,0,1,1,1,1,-1,-1,0,1,1,1,1,0.0
1834,2399,-1,1,-1,1,-1,-1,-1,-1,1,-1,-1,-1,-1,-1,1,1,-1,-1,1,-1,-1,-1,-1,-1,-1,-1,-1,1,1,-1,0.0
1835,7460,1,1,1,1,1,-1,-1,1,-1,1,1,1,1,0,1,-1,1,1,0,1,1,1,1,1,1,1,-1,1,0,-1,1.0
1836,7878,-1,-1,1,1,1,-1,0,-1,1,1,1,1,1,0,-1,-1,1,1,0,1,1,1,1,-1,1,0,1,1,1,1,0.0
1837,10098,-1,-1,1,1,1,-1,-1,0,1,1,1,1,-1,-1,0,0,1,1,0,1,1,1,1,1,1,1,-1,1,1,-1,0.0
1838,10411,1,-1,1,1,1,-1,0,-1,-1,1,1,-1,1,0,1,-1,1,1,0,1,1,1,1,1,1,1,-1,1,-1,1,0.0
1839,5772,1,-1,1,-1,1,1,1,1,-1,1,1,1,1,1,1,-1,-1,-1,0,1,1,1,1,1,1,-1,1,1,-1,1,1.0
1840,5410,-1,-1,1,1,1,-1,0,-1,1,1,1,1,-1,-1,0,-1,1,1,0,1,1,1,-1,-1,1,-1,1,1,0,1,0.0
1841,2011,1,-1,1,1,1,-1,-1,-1,-1,1,1,1,-1,-1,-1,-1,1,1,0,1,1,1,1,-1,-1,-1,-1,-1,0,1,0.0
1842,1808,1,-1,1,1,1,-1,1,1,1,1,1,1,1,0,1,-1,1,1,0,1,1,1,1,1,1,1,1,-1,0,1,1.0
1843,6847,1,-1,1,1,1,-1,-1,-1,1,1,1,1,-1,-1,-1,-1,1,1,0,1,1,1,1,-1,1,1,1,1,0,1,0.0
1844,4609,1,-1,1,1,1,-1,0,0,1,-1,-1,1,-1,-1,0,-1,-1,1,0,-1,1,-1,-1,1,-1,0,-1,1,0,-1,0.0
1845,4176,1,-1,1,1,1,-1,-1,1,-1,1,1,1,-1,0,-1,-1,1,1,0,1,1,1,1,-1,-1,0,-1,1,0,1,0.0
1846,7341,-1,-1,1,-1,1,-1,1,0,-1,-1,-1,1,-1,-1,0,0,-1,-1,0,-1,1,-1,1,-1,1,0,-1,1,0,1,0.0
1847,922,1,-1,1,1,1,-1,0,0,-1,1,1,1,1,-1,0,-1,1,1,0,1,1,1,1,1,1,1,-1,1,0,1,0.0
1848,10520,1,1,-1,-1,1,-1,-1,1,-1,1,1,1,1,0,1,0,1,1,0,1,1,1,1,1,1,1,-1,1,1,1,1.0
1849,3889,1,-1,1,1,1,1,-1,1,-1,1,1,1,1,0,0,-1,1,1,0,1,1,1,1,1,-1,1,-1,1,1,1,1.0
1850,8683,1,-1,1,1,1,-1,1,1,-1,1,1,1,1,0,0,-1,1,1,0,1,1,1,1,1,1,-1,-1,1,0,1,1.0
1851,912,-1,-1,-1,1,-1,-1,0,1,-1,1,1,-1,1,0,-1,-1,1,-1,1,1,1,1,1,-1,-1,1,1,1,1,1,1.0
1852,7151,-1,0,1,-1,1,-1,0,-1,-1,1,1,-1,1,0,-1,-1,-1,-1,0,1,1,1,1,-1,1,1,1,1,0,1,0.0
1853,7081,1,-1,1,1,1,1,-1,1,-1,1,1,1,1,1,0,-1,1,1,0,1,1,1,1,-1,1,1,-1,1,0,1,1.0
1854,10494,1,1,1,1,1,1,1,1,-1,1,1,1,1,1,0,-1,1,1,0,1,1,1,1,1,1,1,1,1,0,1,1.0
1855,7684,1,-1,1,-1,-1,-1,1,1,1,1,1,1,-1,1,1,1,1,1,1,1,1,1,1,-1,1,1,1,1,0,1,1.0
1856,537,1,-1,1,1,1,-1,0,-1,-1,1,1,1,1,1,1,-1,1,1,0,1,1,1,1,1,1,1,1,1,0,1,1.0
1857,2505,1,-1,-1,1,1,-1,-1,1,-1,1,1,1,1,0,-1,-1,1,1,0,1,1,1,1,-1,1,0,-1,1,0,-1,1.0
1858,9300,1,-1,1,1,1,-1,1,1,-1,1,1,1,1,0,-1,1,1,1,0,1,1,1,1,1,1,1,-1,1,0,1,1.0
1859,7511,-1,-1,1,1,1,-1,0,0,1,1,1,1,1,-1,-1,-1,1,1,0,1,1,1,1,-1,1,-1,-1,1,1,1,0.0
1860,8803,-1,1,1,1,1,-1,1,-1,-1,-1,1,1,1,0,0,-1,-1,1,0,-1,1,-1,1,-1,1,0,1,1,0,1,1.0
1861,7992,-1,-1,1,1,1,-1,0,1,-1,1,1,1,1,0,0,-1,1,1,0,1,1,1,1,-1,1,0,-1,1,0,1,0.0
1862,3658,-1,1,-1,1,-1,1,1,1,-1,1,1,-1,-1,0,1,1,1,-1,1,1,1,1,1,1,-1,1,-1,1,1,-1,1.0
1863,7991,-1,-1,1,1,1,-1,1,1,-1,1,1,1,1,0,0,-1,1,1,0,1,1,1,1,-1,1,0,1,1,0,1,1.0
1864,7340,-1,-1,1,-1,1,-1,0,1,-1,-1,-1,1,1,0,1,0,-1,1,0,-1,-1,-1,-1,-1,1,1,1,1,1,1,1.0
1865,6665,-1,-1,-1,1,-1,-1,1,1,1,1,1,-1,-1,0,-1,1,1,-1,0,1,1,1,1,-1,-1,1,-1,-1,1,1,1.0
1866,2318,1,-1,1,1,1,-1,0,1,1,1,1,1,-1,0,1,-1,1,1,0,1,1,1,1,-1,1,1,-1,1,0,1,1.0
1867,10336,1,-1,1,1,1,-1,0,-1,1,1,1,1,1,-1,0,-1,1,1,0,1,1,1,1,1,1,1,-1,1,0,1,0.0
1868,6290,1,-1,1,1,1,-1,1,1,-1,1,1,1,1,0,0,0,1,1,0,1,1,1,1,-1,1,1,-1,1,0,1,1.0
1869,4640,1,-1,1,1,1,-1,0,1,-1,-1,1,1,1,0,-1,-1,1,1,0,1,1,-1,1,-1,-1,1,-1,1,1,1,1.0
1870,7314,1,-1,1,1,1,-1,-1,-1,-1,1,1,1,1,1,0,-1,1,1,0,1,1,1,1,-1,1,1,-1,1,0,1,1.0
1871,2570,1,-1,1,-1,1,-1,-1,-1,1,1,1,1,-1,1,0,-1,1,1,0,1,1,1,1,1,-1,-1,-1,-1,1,1,0.0
1872,7662,1,1,1,1,1,-1,1,1,-1,1,1,1,1,0,1,-1,1,1,0,1,1,1,1,1,1,1,1,1,0,1,1.0
1873,2972,1,-1,1,1,1,-1,0,-1,1,1,1,1,-1,-1,-1,-1,1,1,0,1,1,1,1,-1,-1,0,-1,1,0,-1,0.0
1874,3378,1,-1,1,1,1,-1,-1,1,-1,1,1,1,-1,0,-1,-1,1,1,0,1,1,1,1,1,1,1,1,1,0,1,1.0
1875,3367,1,-1,1,1,1,-1,-1,-1,1,1,1,1,-1,0,-1,-1,1,1,0,1,1,1,1,1,1,0,-1,-1,0,1,0.0
1876,5114,1,-1,1,1,1,-1,0,1,-1,1,1,1,-1,0,1,-1,1,1,0,1,1,1,1,-1,-1,0,-1,-1,0,-1,0.0
1877,2066,1,1,1,1,1,1,-1,1,-1,1,1,1,1,0,0,1,1,1,0,1,1,1,1,1,1,1,1,1,0,1,1.0
1878,9992,1,-1,1,-1,1,-1,1,1,-1,-1,-1,1,1,0,-1,-1,-1,1,0,1,1,1,1,1,1,1,-1,1,0,1,1.0
1879,10762,1,-1,1,1,1,-1,1,1,-1,1,1,1,1,1,0,0,1,1,0,1,1,1,1,-1,1,0,-1,1,0,1,1.0
1880,6106,-1,-1,-1,1,-1,1,0,1,-1,1,1,-1,1,1,0,-1,1,-1,0,1,1,1,1,-1,-1,1,-1,-1,1,1,1.0
1881,8523,-1,-1,1,1,1,1,1,1,-1,1,1,1,1,0,0,1,1,1,0,1,1,1,1,1,1,-1,-1,1,1,1,1.0
1882,1576,1,-1,1,1,1,-1,0,-1,-1,1,1,1,1,1,0,-1,1,1,0,1,1,1,1,1,-1,1,-1,1,0,1,1.0
1883,4892,1,-1,1,-1,1,-1,-1,1,-1,1,1,1,1,1,1,-1,1,1,0,1,1,1,1,-1,1,1,1,1,0,1,1.0
1884,8104,1,-1,-1,1,-1,-1,0,-1,1,1,1,-1,-1,-1,1,-1,1,-1,0,1,1,1,1,-1,-1,-1,-1,-1,0,1,0.0
1885,4430,1,-1,1,-1,1,-1,0,-1,-1,1,1,1,1,-1,0,-1,1,1,0,1,1,1,1,-1,1,-1,-1,-1,1,1,0.0
1886,5173,-1,1,1,-1,1,1,1,1,-1,-1,-1,1,1,0,-1,-1,1,1,0,-1,-1,-1,-1,1,1,1,-1,1,1,1,1.0
1887,9093,-1,1,1,-1,1,-1,1,1,-1,-1,-1,1,1,0,0,0,-1,1,0,-1,1,-1,-1,-1,1,0,1,1,1,1,1.0
1888,3481,1,1,-1,1,1,-1,0,-1,1,1,1,1,-1,-1,-1,-1,1,1,0,1,1,1,1,-1,-1,0,-1,1,1,1,0.0
1889,7369,-1,-1,1,1,1,-1,1,1,-1,1,1,1,1,1,-1,-1,1,1,0,1,1,1,1,-1,1,1,-1,1,1,1,1.0
1890,6218,1,-1,1,1,1,-1,-1,1,-1,1,1,1,1,1,0,-1,1,1,0,1,1,1,1,-1,1,0,-1,1,0,1,1.0
1891,9693,1,-1,1,1,1,-1,1,1,-1,1,1,1,1,0,0,0,1,1,0,1,1,1,1,1,1,1,-1,1,0,1,1.0
1892,9085,1,-1,1,1,1,-1,1,1,-1,1,1,1,-1,0,1,1,1,1,0,1,1,1,1,-1,1,0,-1,1,0,1,1.0
1893,8302,-1,-1,1,1,1,-1,-1,1,-1,1,1,1,-1,-1,0,-1,1,1,0,1,1,1,1,1,1,1,-1,-1,1,1,0.0
1894,7747,-1,-1,1,1,1,-1,0,0,1,-1,-1,1,1,-1,1,-1,-1,1,0,1,1,-1,1,-1,1,1,-1,1,1,1,0.0
1895,251,1,-1,1,1,1,-1,-1,-1,-1,1,1,-1,-1,-1,0,-1,1,1,0,1,1,1,1,-1,1,-1,-1,1,0,1,0.0
1896,769,1,-1,1,1,1,-1,1,1,1,1,1,1,-1,-1,-1,-1,1,1,0,1,1,1,1,1,1,-1,-1,1,0,1,0.0
1897,7726,-1,1,-1,1,-1,-1,1,0,-1,1,1,-1,1,-1,0,0,1,-1,0,1,1,1,1,1,-1,1,-1,-1,1,1,0.0
1898,7271,-1,1,1,1,1,-1,-1,-1,-1,1,1,1,1,-1,-1,-1,1,1,0,1,1,1,1,1,1,0,1,1,0,1,0.0
1899,5826,-1,-1,1,1,1,-1,0,-1,1,1,1,1,-1,-1,-1,0,1,1,0,1,1,1,1,-1,1,-1,-1,1,1,1,0.0
1900,7168,1,-1,1,1,1,-1,1,1,-1,1,1,1,1,1,-1,1,1,1,0,1,1,1,1,-1,1,0,1,1,0,1,1.0
1901,10732,-1,1,1,1,1,-1,-1,0,-1,1,1,1,1,-1,0,-1,1,1,0,1,1,1,1,1,1,1,1,1,-1,-1,0.0
1902,6589,1,-1,1,1,1,-1,0,-1,1,1,1,1,-1,-1,-1,-1,1,1,0,1,1,1,1,-1,1,-1,1,1,0,1,0.0
1903,380,1,-1,1,1,1,-1,-1,1,-1,1,1,1,1,0,0,-1,1,1,0,1,1,1,1,1,-1,0,-1,1,1,1,0.0
1904,477,1,1,1,1,1,-1,-1,-1,-1,1,1,1,1,-1,-1,1,1,1,0,1,1,1,1,-1,-1,0,-1,1,0,1,0.0
1905,4941,1,-1,-1,-1,1,-1,1,1,-1,1,1,-1,-1,0,0,-1,1,1,0,1,1,1,1,1,1,-1,-1,1,0,1,1.0
1906,8774,-1,1,1,1,1,-1,-1,0,-1,1,1,1,1,-1,1,-1,1,1,0,1,1,1,1,1,1,0,1,1,0,1,0.0
1907,4748,1,-1,1,1,1,-1,-1,1,-1,1,1,1,1,0,1,-1,-1,1,0,1,1,1,1,1,1,1,-1,1,-1,1,1.0
1908,805,1,-1,1,-1,1,-1,1,1,1,1,1,1,1,0,1,-1,1,1,0,1,1,1,1,1,1,1,1,1,0,1,1.0
1909,3130,1,-1,1,1,1,-1,-1,1,-1,1,1,1,1,1,1,-1,1,1,0,1,1,1,1,1,1,1,1,1,0,1,1.0
1910,3324,1,-1,1,1,1,1,-1,1,-1,1,1,1,1,1,1,-1,1,1,0,1,1,1,1,1,1,1,-1,1,-1,1,1.0
1911,10527,-1,-1,1,1,1,-1,0,-1,1,1,1,1,1,0,-1,-1,1,1,0,1,1,1,1,1,1,0,-1,1,1,1,0.0
1912,2030,1,-1,1,1,1,-1,0,-1,-1,1,1,1,1,-1,0,-1,1,1,0,1,1,1,1,-1,-1,0,-1,1,1,1,0.0
1913,7445,-1,-1,1,1,1,-1,1,1,-1,1,1,1,1,0,-1,-1,1,1,1,1,1,1,1,-1,1,0,1,1,0,1,0.0
1914,375,1,-1,1,1,1,-1,-1,-1,-1,1,1,1,-1,-1,0,-1,1,1,0,1,1,1,1,-1,-1,1,-1,1,0,1,0.0
1915,3362,1,-1,1,1,1,-1,-1,1,-1,1,1,1,1,0,0,-1,-1,1,0,1,1,1,1,1,-1,1,-1,1,-1,1,1.0
1916,123,1,1,1,1,1,1,0,-1,-1,1,1,1,1,0,0,1,1,1,0,1,1,1,1,1,1,1,-1,1,-1,1,1.0
1917,4616,1,-1,1,1,1,-1,0,0,1,-1,-1,1,1,-1,0,-1,-1,1,0,1,1,-1,1,1,1,0,-1,-1,0,-1,0.0
1918,8847,-1,-1,-1,1,-1,-1,1,1,-1,1,1,-1,1,0,1,-1,1,-1,1,1,1,1,1,1,-1,-1,-1,1,1,1,1.0
1919,758,1,-1,1,-1,1,1,1,1,-1,1,1,1,1,1,1,-1,1,1,0,1,1,1,1,1,1,1,-1,1,0,1,1.0
1920,260,1,-1,1,1,1,-1,0,1,-1,1,1,1,1,0,1,-1,1,1,0,1,1,1,1,-1,-1,1,1,1,0,1,1.0
1921,5682,1,-1,1,1,1,-1,1,1,-1,1,1,1,1,0,0,-1,1,1,0,1,1,1,1,-1,1,0,1,1,0,1,1.0
1922,3617,1,-1,1,1,1,-1,0,1,1,1,1,1,-1,0,0,-1,1,1,0,1,1,1,1,-1,-1,0,1,-1,1,1,1.0
1923,7344,1,1,1,1,1,-1,1,1,-1,1,1,1,1,1,0,1,1,1,0,1,1,1,1,1,1,1,-1,1,0,1,1.0
1924,1516,1,-1,1,-1,1,-1,-1,1,-1,1,1,1,1,1,1,-1,1,1,0,1,1,1,1,1,1,1,-1,1,0,1,1.0
1925,7683,-1,-1,1,1,1,-1,0,0,-1,1,1,1,-1,-1,-1,-1,1,1,0,1,1,1,1,-1,1,-1,-1,1,0,-1,0.0
1926,5825,-1,1,1,1,1,-1,0,-1,-1,1,1,1,1,-1,-1,-1,1,1,0,1,1,1,1,1,1,-1,1,1,0,1,0.0
1927,10764,1,-1,1,1,1,-1,-1,0,1,1,1,1,-1,-1,0,-1,1,1,0,1,1,1,1,1,1,0,-1,-1,0,1,0.0
1928,10817,1,-1,1,-1,1,-1,1,1,-1,-1,-1,1,1,1,-1,1,-1,1,0,-1,1,-1,-1,-1,1,-1,-1,1,0,1,1.0
1929,2637,1,-1,1,1,1,-1,0,-1,-1,1,1,1,1,1,0,-1,1,1,0,1,1,1,1,1,1,1,-1,1,0,1,1.0
1930,8159,-1,-1,1,1,1,-1,0,1,-1,1,1,1,-1,0,1,1,1,1,0,1,1,1,1,-1,1,1,-1,1,1,1,1.0
1931,7331,-1,1,1,1,1,-1,1,-1,1,1,1,1,1,0,0,-1,1,1,1,1,1,1,1,1,1,1,-1,1,1,1,0.0
1932,2860,1,-1,1,1,1,-1,1,1,-1,1,1,1,1,0,1,-1,-1,-1,0,1,1,1,1,1,1,1,-1,-1,-1,-1,1.0
1933,6580,1,-1,1,1,1,-1,1,1,1,1,1,1,-1,1,1,0,1,1,0,1,1,1,1,-1,1,1,1,1,0,-1,1.0
1934,8559,-1,-1,-1,-1,-1,-1,-1,1,-1,-1,-1,-1,1,-1,1,-1,-1,-1,1,-1,1,-1,-1,1,-1,1,-1,1,1,1,0.0
1935,9467,1,-1,1,1,1,-1,1,1,-1,1,1,1,1,0,0,1,1,1,0,1,1,1,1,1,1,1,-1,1,0,1,1.0
1936,3550,1,1,1,-1,1,-1,0,0,-1,1,1,1,1,-1,0,1,1,1,0,1,1,1,1,1,-1,-1,-1,1,-1,1,0.0
1937,5067,1,-1,1,1,1,-1,0,1,-1,1,1,1,1,0,1,-1,-1,1,0,1,1,1,1,-1,-1,1,-1,1,-1,1,1.0
1938,6471,1,-1,1,1,1,-1,1,1,1,1,1,1,1,1,0,1,1,1,0,1,1,1,1,-1,1,1,-1,1,0,1,1.0
1939,6590,-1,-1,-1,1,-1,-1,1,1,-1,1,1,-1,1,0,0,1,1,-1,0,1,1,1,1,-1,-1,1,-1,-1,1,1,1.0
1940,9669,-1,-1,1,-1,1,-1,-1,-1,-1,-1,-1,1,1,-1,0,-1,-1,1,0,-1,-1,-1,-1,1,1,0,-1,1,0,1,0.0
1941,10042,1,-1,1,-1,1,-1,0,-1,-1,-1,-1,1,-1,-1,0,-1,-1,1,0,1,1,-1,-1,1,1,1,-1,1,0,1,0.0
1942,8400,-1,1,1,1,1,1,1,1,-1,1,1,1,1,1,0,-1,1,1,0,1,1,1,1,1,1,0,1,1,1,1,1.0
1943,32,1,-1,1,1,1,-1,-1,1,-1,-1,1,-1,1,0,-1,-1,-1,-1,0,-1,1,-1,-1,1,-1,1,1,1,0,-1,1.0
1944,2595,1,-1,1,1,1,-1,1,1,1,1,1,1,-1,-1,-1,-1,1,1,0,1,1,1,1,1,-1,-1,-1,1,0,1,0.0
1945,441,1,-1,1,1,1,-1,1,1,-1,1,1,1,1,0,0,-1,1,1,0,1,1,1,1,1,1,1,-1,1,0,1,1.0
1946,648,1,-1,1,1,1,-1,1,1,-1,1,1,1,-1,0,1,-1,1,1,0,1,1,1,1,1,1,1,1,1,0,1,1.0
1947,583,1,-1,1,1,1,1,-1,1,-1,-1,-1,1,1,0,1,-1,-1,1,0,1,1,-1,-1,1,1,1,-1,1,1,-1,1.0
1948,3087,1,-1,1,-1,1,-1,-1,-1,1,1,1,1,1,-1,0,-1,1,1,0,1,1,1,1,-1,1,-1,-1,1,1,1,0.0
1949,3534,-1,-1,-1,1,-1,-1,0,0,-1,1,1,-1,-1,-1,1,-1,1,1,1,-1,1,-1,1,1,-1,-1,-1,1,0,1,0.0
1950,1343,1,1,1,1,1,-1,-1,1,-1,-1,1,1,1,0,1,1,1,-1,0,-1,1,-1,1,-1,-1,0,-1,1,-1,-1,0.0
1951,6923,-1,-1,1,1,1,-1,1,0,1,1,1,1,-1,1,-1,-1,1,1,1,1,1,1,1,-1,1,-1,-1,1,1,1,0.0
1952,918,-1,-1,-1,1,-1,-1,-1,1,-1,1,1,-1,1,0,0,-1,1,-1,1,1,1,1,1,1,-1,1,1,1,1,1,1.0
1953,1749,1,1,1,1,1,-1,0,0,-1,1,1,1,1,-1,-1,1,1,1,0,1,1,1,1,1,-1,0,-1,1,0,1,0.0
1954,10037,1,-1,1,-1,1,-1,-1,-1,-1,-1,-1,1,1,-1,1,-1,-1,1,0,-1,-1,-1,-1,1,1,0,-1,1,0,1,0.0
1955,4589,1,-1,1,1,1,-1,-1,1,1,1,1,-1,-1,1,1,-1,1,1,0,1,1,1,1,1,-1,1,-1,1,1,1,1.0
1956,10723,1,-1,1,1,1,-1,1,0,1,1,1,1,-1,-1,-1,-1,1,1,0,1,1,1,1,1,1,1,-1,1,1,1,0.0
1957,11010,-1,-1,1,-1,1,-1,1,0,1,-1,-1,1,-1,-1,-1,-1,-1,1,0,-1,-1,-1,-1,1,1,0,-1,-1,1,1,0.0
1958,3085,1,1,1,1,1,-1,0,0,-1,1,1,1,1,-1,0,1,1,1,0,1,1,1,1,1,-1,-1,-1,1,0,1,0.0
1959,9307,-1,-1,1,1,1,-1,-1,0,-1,1,1,1,1,-1,-1,-1,1,1,0,1,1,1,1,1,1,0,-1,1,1,1,0.0
1960,1250,1,0,1,1,1,-1,0,1,1,1,1,-1,-1,0,-1,-1,-1,-1,0,1,1,1,1,-1,1,-1,-1,-1,0,-1,1.0
1961,10356,-1,-1,1,1,1,-1,1,1,1,1,1,1,-1,0,1,0,1,1,0,1,1,1,1,-1,1,0,-1,1,1,1,1.0
1962,5090,1,1,1,1,1,1,-1,1,-1,1,1,1,1,1,0,1,1,1,0,1,1,1,1,1,-1,1,-1,1,1,1,1.0
1963,395,1,-1,1,1,1,-1,1,1,-1,-1,1,1,1,0,-1,-1,1,1,0,1,1,-1,1,1,-1,1,-1,1,0,1,1.0
1964,980,1,-1,1,1,1,-1,-1,1,-1,1,1,1,1,1,0,-1,1,1,0,1,1,1,1,1,-1,1,1,1,1,1,1.0
1965,7758,-1,-1,1,1,1,-1,1,0,-1,1,1,1,-1,-1,0,0,1,1,0,1,1,1,1,-1,1,0,-1,1,1,1,0.0
1966,10306,-1,1,1,-1,1,-1,0,1,-1,-1,-1,1,1,0,1,-1,-1,1,0,-1,-1,-1,-1,1,1,1,1,1,1,1,1.0
1967,5978,-1,1,-1,-1,-1,-1,-1,-1,-1,1,1,-1,1,-1,1,0,1,-1,0,1,1,1,1,1,-1,-1,-1,-1,0,1,0.0
1968,7239,-1,-1,1,1,1,-1,1,0,1,1,1,1,-1,-1,-1,-1,1,1,0,1,1,1,1,-1,1,0,-1,1,1,1,0.0
1969,1212,1,-1,1,1,1,-1,0,0,1,-1,-1,1,-1,-1,-1,-1,-1,1,0,-1,-1,-1,-1,1,-1,1,-1,-1,1,-1,0.0
1970,2512,-1,-1,-1,1,-1,-1,1,1,1,-1,-1,-1,-1,0,1,-1,1,-1,1,1,1,-1,1,1,1,0,-1,1,1,-1,1.0
1971,7892,-1,-1,1,-1,1,-1,0,0,1,1,1,1,-1,-1,0,-1,1,1,1,1,1,1,1,-1,1,-1,1,1,0,1,0.0
1972,6607,1,-1,1,1,1,-1,1,1,-1,1,1,1,1,0,1,1,1,1,0,1,1,1,1,-1,1,1,1,1,0,-1,1.0
1973,7099,1,-1,1,1,1,-1,0,1,-1,1,1,1,1,0,-1,-1,1,1,0,1,1,1,1,-1,1,0,1,1,0,1,0.0
1974,6306,-1,1,1,1,1,-1,0,0,-1,1,1,1,1,-1,0,-1,1,1,0,1,1,1,1,1,1,-1,1,1,0,1,0.0
1975,10578,1,-1,1,1,1,-1,1,1,-1,1,1,1,1,1,0,1,1,1,0,1,1,1,1,1,1,-1,-1,1,0,1,1.0
1976,9337,-1,-1,1,1,1,-1,0,-1,-1,1,1,1,-1,-1,-1,-1,1,1,0,1,1,1,1,1,1,0,-1,-1,0,-1,0.0
1977,4346,1,-1,1,1,1,-1,0,-1,-1,-1,-1,1,1,-1,0,-1,-1,1,0,-1,-1,-1,-1,-1,-1,1,-1,1,0,-1,0.0
1978,9702,1,-1,1,1,1,-1,-1,-1,-1,1,1,1,1,-1,0,-1,1,1,0,1,1,1,1,1,1,-1,-1,1,0,1,0.0
1979,4894,1,-1,1,-1,1,-1,0,0,1,1,1,1,-1,-1,0,-1,1,1,0,1,1,1,1,1,-1,-1,-1,1,1,1,0.0
1980,2213,1,-1,1,1,1,-1,0,-1,-1,1,1,1,1,1,0,-1,1,1,0,1,1,1,1,1,1,1,1,1,0,1,1.0
1981,7319,1,1,1,1,1,1,0,-1,-1,1,1,1,1,0,0,-1,1,1,1,1,1,1,1,1,1,1,-1,1,-1,1,1.0
1982,6026,-1,-1,1,1,1,1,1,1,-1,-1,-1,1,1,0,0,-1,-1,1,1,-1,1,-1,1,-1,1,1,1,1,1,1,1.0
1983,6588,1,-1,1,1,1,-1,1,1,-1,1,1,1,-1,1,1,1,1,1,0,1,1,1,1,-1,1,1,-1,1,0,-1,1.0
1984,1191,1,1,1,1,1,-1,1,-1,-1,1,1,1,1,1,1,1,1,1,0,1,1,1,1,1,-1,1,-1,1,1,1,1.0
1985,1722,1,-1,1,1,1,-1,0,-1,1,1,1,1,-1,-1,-1,-1,1,1,0,1,1,1,1,-1,1,-1,-1,1,0,1,0.0
1986,3055,1,-1,1,1,1,-1,0,0,1,1,1,1,-1,-1,0,-1,1,1,0,1,1,1,1,1,-1,0,-1,1,0,-1,0.0
1987,10673,1,-1,1,1,1,-1,0,1,-1,1,1,1,-1,1,-1,1,1,1,0,1,1,1,1,1,1,1,-1,-1,0,1,1.0
1988,7328,1,-1,1,1,1,-1,1,1,1,1,1,1,1,0,0,1,1,1,0,1,1,1,1,-1,1,1,1,1,0,1,1.0
1989,8539,1,-1,1,1,-1,-1,-1,-1,1,1,1,1,-1,-1,0,0,1,1,0,1,1,1,1,1,1,1,-1,1,0,1,0.0
1990,1604,1,1,1,1,1,-1,0,-1,-1,1,1,1,1,0,0,1,1,1,0,1,1,1,1,-1,1,1,-1,1,0,1,1.0
1991,11021,-1,-1,1,-1,1,-1,0,-1,-1,-1,-1,1,1,0,-1,-1,-1,1,0,1,1,-1,1,1,1,1,-1,-1,0,1,0.0
1992,7769,-1,-1,1,1,1,-1,0,-1,-1,1,1,1,-1,-1,1,-1,1,1,0,1,1,1,1,-1,1,-1,-1,1,1,1,0.0
1993,2261,1,1,1,1,1,-1,0,0,-1,1,1,1,1,1,0,1,1,1,0,1,1,1,1,1,1,-1,-1,1,0,1,0.0
1994,530,1,-1,1,1,1,-1,1,1,-1,1,1,1,1,0,1,-1,1,1,0,1,1,1,1,1,-1,1,-1,1,0,1,1.0
1995,3804,1,-1,1,1,1,-1,-1,-1,1,1,1,1,-1,0,-1,-1,1,1,0,1,1,1,1,-1,-1,0,-1,-1,0,1,0.0
1996,515,1,1,1,1,1,-1,0,-1,-1,1,1,1,1,-1,1,1,1,1,0,1,1,1,1,-1,-1,-1,-1,1,1,1,0.0
1997,10674,-1,-1,1,1,1,-1,0,-1,1,1,1,1,-1,-1,0,-1,1,1,0,1,1,1,1,1,1,1,-1,1,0,1,0.0
1998,9239,-1,1,1,1,1,-1,-1,0,-1,1,1,1,1,-1,-1,-1,1,1,0,1,1,1,1,1,1,0,1,1,-1,-1,0.0
1999,2332,1,-1,1,1,1,-1,-1,-1,1,1,1,1,-1,-1,0,-1,1,1,0,1,1,1,1,-1,1,-1,-1,1,0,1,0.0
2000,190,1,-1,1,1,1,-1,0,1,-1,1,1,1,1,0,0,-1,1,1,0,1,1,1,1,1,-1,1,-1,1,1,1,1.0
2001,4790,1,1,1,-1,1,-1,-1,1,-1,1,1,1,1,0,1,1,1,1,0,1,1,1,1,-1,1,1,-1,1,0,1,1.0
2002,2380,1,-1,1,1,1,-1,1,1,1,1,1,1,-1,0,0,-1,1,1,0,1,1,1,1,1,1,0,1,1,0,1,1.0
2003,7582,-1,-1,1,-1,1,-1,1,-1,1,-1,-1,1,-1,-1,0,-1,-1,1,0,-1,1,-1,-1,-1,1,0,-1,1,1,1,0.0
2004,9895,-1,1,1,1,1,-1,-1,-1,-1,1,1,-1,1,-1,-1,0,1,1,0,1,1,1,1,1,1,0,1,1,-1,1,0.0
2005,138,-1,-1,-1,1,1,1,1,1,-1,1,1,-1,1,0,-1,-1,1,1,0,1,1,1,1,1,-1,1,-1,1,-1,1,1.0
2006,7946,1,1,1,1,1,1,1,1,-1,1,1,1,1,0,1,-1,1,1,0,1,1,1,1,1,1,-1,1,1,1,1,1.0
2007,425,1,-1,1,-1,1,-1,1,1,1,1,1,1,-1,0,0,-1,1,1,0,1,1,1,1,1,-1,-1,1,1,0,1,1.0
2008,1053,1,1,1,-1,1,-1,0,0,-1,1,1,1,1,-1,0,1,1,1,0,1,1,1,1,1,-1,-1,-1,1,0,1,0.0
2009,10805,-1,-1,1,-1,1,-1,0,-1,1,-1,-1,1,1,-1,0,-1,-1,1,0,1,1,-1,1,1,1,0,-1,1,0,-1,0.0
2010,9958,-1,-1,1,1,1,-1,-1,-1,1,1,1,1,-1,-1,-1,-1,1,1,0,1,1,1,1,1,1,1,-1,-1,1,1,0.0
2011,3898,1,-1,1,1,1,-1,1,-1,1,1,1,1,-1,0,0,-1,1,1,0,1,1,1,1,-1,-1,1,-1,1,1,1,0.0
2012,5724,-1,-1,1,1,1,-1,-1,-1,-1,1,1,1,-1,1,1,-1,1,1,0,1,1,1,1,-1,1,-1,-1,1,1,1,1.0
2013,3487,1,-1,1,1,1,-1,0,1,1,1,1,1,-1,0,-1,-1,1,1,0,1,1,1,1,1,-1,1,-1,1,1,1,1.0
2014,992,1,-1,1,1,1,-1,-1,-1,-1,1,1,1,-1,-1,1,-1,1,1,0,1,1,1,1,-1,-1,-1,-1,1,1,1,0.0
2015,5299,-1,-1,1,-1,1,-1,-1,1,-1,-1,-1,-1,1,0,-1,1,-1,1,0,-1,1,-1,-1,-1,1,1,1,1,1,1,1.0
2016,7045,-1,-1,1,1,1,1,0,1,1,1,1,1,-1,0,-1,1,1,1,0,1,1,1,1,-1,1,1,1,1,1,1,1.0
2017,1778,1,-1,1,1,1,-1,0,0,-1,1,1,1,1,-1,0,-1,1,1,0,1,1,1,1,1,-1,0,-1,1,0,1,0.0
2018,570,1,1,1,1,1,1,-1,1,-1,-1,-1,1,1,1,-1,1,-1,1,0,1,1,-1,-1,-1,1,1,-1,1,0,-1,1.0
2019,1196,-1,1,-1,1,-1,-1,-1,1,-1,1,1,-1,1,1,0,1,1,-1,1,1,1,1,1,1,-1,1,-1,1,1,1,1.0
2020,8256,1,-1,1,1,1,-1,-1,1,-1,1,1,1,-1,1,-1,-1,1,1,0,1,1,1,1,1,1,-1,-1,1,0,1,1.0
2021,3554,1,-1,1,-1,1,-1,-1,-1,-1,1,1,1,-1,-1,0,-1,1,1,0,1,1,1,1,-1,1,-1,-1,1,0,1,0.0
2022,6849,-1,-1,-1,-1,-1,-1,1,-1,1,-1,-1,-1,-1,-1,-1,-1,-1,-1,0,-1,1,-1,-1,-1,-1,1,1,-1,1,1,0.0
2023,5804,1,-1,1,1,1,-1,1,1,-1,1,1,1,1,1,1,0,1,1,0,1,1,1,1,-1,1,1,1,1,0,1,1.0
2024,5571,-1,-1,1,1,1,-1,0,-1,1,1,1,1,-1,0,-1,-1,1,1,0,1,1,1,1,-1,1,1,-1,1,1,1,0.0
2025,7585,-1,-1,1,-1,1,-1,1,1,-1,1,1,1,1,1,0,1,1,1,0,1,1,1,1,-1,1,1,-1,1,1,1,1.0
2026,9448,-1,-1,-1,1,-1,-1,1,1,-1,1,1,-1,1,0,-1,1,1,-1,1,1,1,1,1,1,-1,1,-1,1,1,1,1.0
2027,8309,-1,-1,1,1,1,-1,1,1,-1,1,1,1,1,0,1,-1,1,1,0,-1,1,1,1,1,1,1,-1,1,0,1,1.0
2028,1150,1,-1,1,1,1,-1,-1,-1,-1,1,1,1,1,-1,1,-1,1,1,0,1,1,1,1,-1,-1,-1,-1,-1,1,1,0.0
2029,10468,-1,-1,1,1,1,1,1,1,1,1,1,1,-1,0,1,-1,1,1,0,1,1,1,1,1,1,-1,-1,1,1,1,1.0
2030,9557,1,-1,1,1,1,-1,-1,1,1,1,1,1,-1,0,0,-1,1,1,0,1,1,1,1,1,1,1,-1,1,0,1,1.0
2031,10019,-1,-1,1,1,1,-1,1,1,1,1,1,1,-1,0,1,-1,1,1,0,1,1,1,1,1,1,0,-1,1,1,1,1.0
2032,5511,1,1,1,1,1,-1,0,-1,-1,1,1,1,1,0,0,0,1,1,0,1,1,1,1,1,1,1,1,1,0,1,1.0
2033,9394,-1,-1,1,1,1,-1,1,-1,-1,-1,1,1,-1,-1,-1,-1,1,1,0,1,1,-1,1,-1,1,1,-1,1,1,-1,0.0
2034,4556,1,-1,1,1,1,-1,-1,-1,-1,1,1,1,-1,0,0,-1,1,1,0,1,1,1,1,-1,-1,0,-1,1,0,1,0.0
2035,2108,1,-1,1,1,1,-1,-1,-1,1,1,1,1,1,0,-1,-1,1,1,0,1,1,1,1,1,-1,1,-1,1,1,1,0.0
2036,3730,1,-1,1,1,1,-1,0,1,-1,1,1,1,1,1,0,-1,1,1,0,1,1,1,1,-1,1,0,-1,1,0,1,1.0
2037,10712,1,-1,1,1,1,-1,1,1,-1,1,1,1,1,0,0,1,1,1,0,1,1,1,1,1,1,-1,-1,1,0,1,1.0
2038,214,1,-1,1,1,1,-1,0,1,1,1,1,1,-1,1,0,-1,1,1,0,1,1,1,1,1,-1,-1,1,1,1,1,1.0
2039,7447,1,-1,1,1,1,-1,-1,1,-1,1,1,1,1,0,-1,-1,1,1,1,1,1,1,1,-1,1,0,1,1,0,1,0.0
2040,10753,1,1,-1,-1,-1,1,1,-1,-1,1,1,-1,1,1,1,-1,1,-1,1,1,1,1,1,1,-1,0,1,-1,1,1,1.0
2041,5735,-1,0,1,1,1,-1,0,-1,1,1,1,-1,-1,0,-1,-1,1,1,0,1,1,1,1,-1,1,1,1,1,-1,1,0.0
2042,9218,-1,-1,1,1,1,-1,1,1,1,1,1,1,-1,1,1,1,1,1,0,1,1,1,1,1,1,-1,-1,-1,0,1,1.0
2043,9391,-1,-1,1,1,1,-1,1,-1,-1,1,1,1,1,0,0,-1,-1,1,0,1,1,1,1,1,1,1,-1,1,0,1,0.0
2044,6523,-1,-1,1,1,1,-1,0,-1,1,1,1,1,-1,0,-1,1,1,1,1,1,1,1,1,-1,1,-1,1,1,1,1,0.0
2045,309,1,-1,1,-1,1,-1,-1,1,-1,1,1,1,-1,0,1,-1,1,1,0,1,1,1,1,1,1,1,1,1,0,1,1.0
2046,10182,-1,-1,1,1,1,-1,-1,-1,-1,1,1,1,1,-1,-1,-1,1,1,0,1,1,1,1,1,1,0,-1,1,0,1,0.0
2047,5595,-1,-1,1,1,1,1,1,1,1,1,1,1,-1,0,-1,-1,1,1,0,1,1,1,1,-1,1,-1,-1,1,1,1,1.0
2048,4566,1,-1,1,1,1,-1,0,1,-1,1,1,1,-1,1,-1,-1,1,1,0,1,1,1,1,-1,1,0,1,1,0,1,1.0
2049,10094,1,-1,1,1,1,-1,0,0,-1,1,1,1,1,0,-1,-1,1,1,0,1,1,1,1,1,1,1,-1,1,0,1,0.0
2050,5676,-1,-1,1,1,1,-1,0,0,-1,1,1,1,1,-1,1,-1,1,1,1,1,1,1,1,-1,1,-1,-1,1,1,1,0.0
2051,9516,-1,-1,1,1,1,-1,1,-1,1,1,1,1,1,0,-1,-1,1,1,0,1,1,1,1,1,1,1,-1,1,1,1,0.0
2052,7749,1,1,1,1,1,-1,-1,1,-1,1,1,1,1,1,0,1,1,1,0,1,1,1,1,1,1,1,-1,1,0,1,1.0
2053,8656,1,-1,1,-1,1,-1,1,1,-1,1,1,1,1,0,0,1,1,1,0,1,1,1,1,1,1,-1,-1,1,0,1,1.0
2054,2953,1,1,1,1,1,-1,-1,-1,-1,1,1,1,1,-1,-1,1,1,1,0,1,1,1,1,-1,1,-1,-1,1,0,1,0.0
2055,9551,1,-1,1,1,1,-1,-1,0,-1,1,1,1,1,-1,0,-1,1,1,0,1,1,1,1,1,1,0,-1,1,0,1,0.0
2056,8868,-1,-1,1,1,1,-1,-1,-1,-1,1,1,1,-1,-1,1,-1,1,1,0,1,1,1,1,1,1,0,-1,1,1,1,0.0
2057,8083,1,-1,1,1,1,-1,1,1,-1,1,1,1,1,0,-1,0,1,1,0,1,1,1,1,-1,1,1,-1,1,0,1,1.0
2058,8434,-1,1,1,-1,1,-1,1,1,-1,-1,-1,1,1,0,-1,-1,-1,1,0,1,1,-1,1,-1,1,-1,1,1,1,1,1.0
2059,6055,-1,-1,1,-1,1,-1,0,-1,-1,-1,-1,1,1,-1,0,-1,-1,1,0,-1,1,-1,-1,-1,1,0,1,1,1,1,0.0
2060,919,1,-1,1,1,1,-1,1,1,-1,1,1,1,1,0,-1,-1,1,1,0,1,1,1,1,-1,1,0,-1,-1,0,1,0.0
2061,4195,1,-1,-1,1,1,-1,1,1,-1,1,1,-1,1,0,-1,-1,-1,-1,0,1,1,1,1,1,-1,0,-1,1,1,-1,0.0
2062,8113,1,-1,1,1,1,-1,0,-1,1,1,1,1,1,0,0,1,1,1,0,1,1,1,1,-1,1,1,-1,1,1,1,1.0
2063,5801,-1,-1,1,1,1,-1,0,0,1,-1,-1,1,1,-1,1,-1,-1,1,0,1,1,-1,1,-1,1,1,-1,1,1,1,0.0
2064,3141,1,-1,1,1,1,-1,-1,0,-1,1,1,1,-1,-1,-1,-1,1,1,0,1,1,1,1,1,1,0,-1,1,0,1,0.0
2065,345,1,-1,1,1,1,-1,0,1,1,1,1,1,-1,0,1,-1,1,1,0,1,1,1,1,-1,-1,1,-1,1,1,1,1.0
2066,7932,1,-1,1,1,1,-1,-1,-1,-1,1,1,1,1,1,0,-1,1,1,0,1,1,1,1,-1,1,1,1,1,0,1,1.0
2067,6890,1,-1,1,1,1,-1,0,-1,-1,1,1,1,1,-1,0,-1,1,1,0,1,1,1,1,-1,1,-1,-1,1,0,-1,0.0
2068,8392,-1,-1,1,-1,1,1,1,1,-1,1,1,1,-1,1,0,-1,1,1,0,1,1,1,1,1,1,1,-1,-1,1,1,1.0
2069,2199,1,-1,1,1,1,-1,-1,-1,1,1,1,1,-1,0,-1,-1,1,1,0,1,1,1,1,1,1,1,-1,1,0,1,1.0
2070,9253,-1,-1,1,1,1,-1,-1,-1,-1,1,1,1,1,-1,1,0,1,1,0,1,1,1,1,1,1,0,-1,1,1,1,0.0
2071,3907,-1,-1,-1,1,-1,-1,-1,-1,-1,-1,-1,-1,1,-1,1,-1,-1,-1,1,-1,-1,-1,-1,-1,-1,1,-1,1,1,-1,0.0
2072,6947,1,-1,1,1,1,-1,0,-1,1,1,1,1,-1,0,-1,-1,1,1,1,1,1,1,1,-1,1,0,-1,1,0,1,0.0
2073,8188,1,-1,1,1,1,-1,1,1,-1,1,1,1,-1,0,0,1,1,1,0,1,1,1,1,1,1,1,-1,-1,0,1,1.0
2074,764,1,1,1,1,1,-1,0,1,-1,1,1,1,1,0,-1,1,1,1,0,1,1,1,1,-1,1,1,-1,1,0,1,1.0
2075,1614,-1,-1,-1,1,-1,-1,-1,1,1,1,1,-1,-1,1,1,-1,1,-1,1,1,1,1,1,1,-1,1,-1,1,1,-1,1.0
2076,10274,1,-1,1,1,1,-1,1,1,-1,1,1,1,-1,1,-1,-1,1,1,0,1,1,1,1,1,1,1,-1,1,0,1,1.0
2077,9138,-1,-1,1,1,1,-1,1,1,-1,1,1,1,-1,0,-1,0,1,1,0,1,1,1,1,1,1,0,-1,1,1,1,1.0
2078,4174,1,-1,1,1,1,1,-1,1,-1,1,1,1,1,1,1,-1,1,1,0,1,1,1,1,1,1,1,-1,1,0,1,1.0
2079,734,1,-1,1,1,1,-1,-1,1,-1,1,1,1,1,0,0,-1,1,1,0,1,1,1,1,1,1,0,-1,1,0,1,1.0
2080,2567,-1,-1,-1,1,-1,-1,0,1,1,1,1,-1,-1,1,1,-1,1,-1,0,1,1,1,1,1,-1,1,-1,1,1,1,1.0
2081,6170,-1,1,1,1,-1,1,1,1,-1,-1,1,1,1,1,1,-1,1,1,0,-1,1,-1,1,1,1,1,1,-1,0,1,1.0
2082,4837,1,-1,1,1,1,-1,-1,-1,-1,1,1,1,-1,0,-1,-1,1,1,0,1,1,1,1,1,-1,1,-1,-1,1,1,0.0
2083,10112,-1,1,1,1,1,-1,1,1,-1,-1,1,1,1,0,0,0,1,1,0,-1,1,-1,1,1,1,1,1,1,-1,1,1.0
2084,3338,1,1,1,-1,1,-1,0,0,-1,1,1,1,1,-1,0,1,1,1,0,1,1,1,1,1,1,-1,-1,1,0,1,0.0
2085,5305,1,1,1,1,1,1,-1,1,-1,1,1,1,1,1,0,-1,1,1,0,1,1,1,1,1,1,1,-1,1,0,1,1.0
2086,5159,-1,1,1,-1,1,-1,1,1,-1,-1,-1,1,1,0,1,0,-1,1,0,1,1,-1,-1,1,1,1,-1,1,1,1,1.0
2087,6979,1,1,1,1,1,-1,0,0,1,1,1,1,-1,-1,0,0,1,1,0,1,1,1,1,1,1,-1,-1,1,0,-1,0.0
2088,6134,1,-1,1,1,1,-1,0,0,-1,1,1,1,1,-1,0,-1,1,1,0,1,1,1,1,-1,1,-1,-1,1,-1,-1,0.0
2089,2894,1,-1,1,1,1,-1,-1,-1,1,1,1,1,1,0,0,-1,1,1,0,1,1,1,1,-1,-1,1,-1,-1,1,1,0.0
2090,9329,-1,-1,1,1,1,-1,1,-1,1,1,1,1,-1,0,-1,-1,1,1,0,1,1,1,1,1,1,0,-1,1,1,1,0.0
2091,275,1,-1,1,1,1,-1,0,1,-1,1,1,1,1,0,0,-1,1,1,0,1,1,1,1,-1,1,1,1,1,0,1,1.0
2092,933,1,-1,1,1,1,-1,-1,1,1,-1,-1,1,-1,0,-1,-1,-1,1,0,-1,1,-1,-1,-1,-1,0,-1,1,0,-1,0.0
2093,9368,1,1,1,1,1,-1,0,-1,-1,1,1,1,1,-1,-1,-1,1,1,0,1,1,1,1,1,1,1,1,1,0,1,0.0
2094,10049,1,-1,1,1,1,-1,0,-1,-1,1,1,1,-1,-1,-1,-1,1,1,0,1,1,1,1,1,1,1,-1,1,0,1,0.0
2095,3305,1,-1,1,1,1,-1,-1,-1,1,-1,-1,1,-1,-1,0,-1,-1,1,0,-1,-1,-1,-1,-1,-1,0,-1,1,0,-1,0.0
2096,4204,1,-1,1,1,1,-1,-1,-1,-1,1,1,1,1,-1,0,-1,1,1,0,1,1,1,1,-1,1,-1,-1,1,-1,1,0.0
2097,1283,1,-1,1,1,1,-1,0,-1,1,-1,-1,-1,-1,-1,0,-1,-1,-1,0,-1,1,-1,1,-1,-1,0,-1,1,0,-1,0.0
2098,2101,1,-1,1,1,1,-1,1,1,1,1,1,1,-1,0,0,-1,1,1,0,1,1,1,1,1,1,1,1,-1,0,1,1.0
2099,4211,1,-1,1,1,1,-1,-1,-1,-1,1,1,1,-1,0,0,-1,1,1,0,1,1,1,1,-1,-1,0,-1,1,0,1,0.0
2100,9834,1,-1,1,1,1,-1,1,1,-1,1,1,1,1,0,0,0,1,1,0,1,1,1,1,1,1,-1,-1,1,0,1,1.0
2101,3901,1,-1,1,1,1,-1,1,1,1,1,1,1,-1,-1,0,-1,1,1,0,1,1,1,1,1,-1,-1,-1,1,1,1,0.0
2102,4776,1,-1,1,1,1,-1,1,1,1,1,1,1,-1,0,-1,-1,1,1,0,1,1,1,1,1,1,-1,1,1,0,1,1.0
2103,10585,-1,-1,1,-1,1,-1,-1,-1,1,1,1,1,-1,-1,0,-1,1,1,0,1,1,1,1,1,1,1,-1,1,1,1,0.0
2104,1284,1,-1,1,1,1,-1,0,0,-1,-1,-1,1,-1,-1,0,-1,-1,-1,0,-1,1,-1,1,1,-1,0,-1,1,0,-1,0.0
2105,9860,-1,1,1,1,1,1,1,1,-1,1,1,1,1,1,0,-1,1,1,0,1,1,1,1,1,1,-1,1,1,1,1,1.0
2106,10624,1,1,1,1,1,-1,1,1,-1,-1,1,-1,1,0,0,-1,1,1,0,-1,1,-1,1,1,1,1,1,1,-1,1,1.0
2107,6727,-1,-1,1,1,1,-1,1,1,-1,1,1,1,1,0,1,1,1,1,0,1,1,1,1,-1,1,-1,-1,1,1,1,1.0
2108,4359,1,-1,1,1,1,-1,-1,1,1,1,1,1,-1,-1,-1,-1,1,1,0,1,1,1,1,-1,-1,-1,-1,1,0,1,0.0
2109,687,1,-1,1,1,1,-1,-1,1,-1,1,1,1,1,0,1,-1,1,1,0,1,1,1,1,1,1,1,-1,1,0,1,1.0
2110,4799,1,-1,1,1,1,-1,-1,-1,1,1,1,1,-1,0,0,-1,1,1,0,1,1,1,1,-1,-1,-1,-1,1,0,1,0.0
2111,10475,-1,0,-1,-1,1,-1,1,1,-1,1,1,1,1,0,0,-1,-1,-1,0,-1,1,-1,1,-1,1,0,-1,-1,-1,1,1.0
2112,5010,-1,1,-1,1,-1,-1,1,1,-1,1,1,-1,1,0,-1,1,1,-1,1,1,1,1,1,1,-1,0,-1,1,1,-1,0.0
2113,253,1,-1,1,1,1,-1,-1,-1,1,1,1,1,-1,0,0,-1,1,1,0,1,1,1,1,1,-1,1,-1,1,1,1,0.0
2114,4329,1,-1,1,1,1,-1,-1,-1,1,1,1,1,-1,-1,-1,-1,1,1,0,1,1,1,1,-1,-1,-1,-1,-1,1,1,0.0
2115,2392,-1,-1,-1,1,-1,-1,-1,1,-1,1,1,-1,1,1,1,-1,1,-1,1,1,1,1,1,1,-1,1,-1,1,1,1,1.0
2116,8596,-1,-1,1,-1,1,-1,-1,-1,1,1,1,1,-1,-1,1,-1,1,1,0,1,1,1,1,1,1,1,-1,-1,0,-1,0.0
2117,4100,1,-1,1,1,1,-1,1,1,-1,1,1,1,1,0,1,-1,1,1,0,1,1,1,1,1,-1,0,-1,1,1,1,1.0
2118,1309,1,-1,1,1,-1,-1,0,-1,1,1,1,1,-1,-1,0,-1,1,1,0,1,1,1,1,-1,-1,-1,-1,1,0,1,0.0
2119,11032,-1,1,1,1,1,-1,1,1,-1,1,1,1,1,0,0,1,1,1,0,1,1,1,1,1,1,-1,1,1,0,1,1.0
2120,4178,1,-1,1,1,1,-1,1,1,-1,1,1,-1,1,0,1,-1,1,1,0,1,1,1,1,1,1,1,-1,1,0,1,1.0
2121,5831,1,-1,1,1,1,-1,0,-1,-1,-1,-1,1,1,-1,-1,-1,-1,1,0,1,1,-1,1,-1,1,-1,-1,1,0,1,0.0
2122,6641,1,-1,1,-1,1,-1,0,-1,-1,-1,-1,1,-1,-1,0,-1,-1,1,0,1,1,-1,-1,-1,1,0,-1,1,0,1,0.0
2123,711,1,-1,1,1,1,-1,-1,-1,-1,-1,-1,1,1,-1,0,-1,-1,1,0,-1,1,-1,1,-1,-1,0,-1,1,0,-1,0.0
2124,8136,1,-1,1,1,1,-1,1,1,-1,1,1,1,1,1,-1,1,1,1,1,1,1,1,1,-1,1,1,1,1,1,1,1.0
2125,7235,-1,-1,1,-1,1,-1,1,1,1,-1,-1,1,-1,1,1,1,-1,1,0,1,1,-1,1,-1,1,1,-1,1,1,1,1.0
2126,2463,1,-1,1,1,1,-1,1,1,1,1,1,1,-1,-1,-1,-1,1,1,0,1,1,1,1,-1,-1,0,-1,-1,1,-1,0.0
2127,10773,1,-1,1,1,1,-1,-1,0,1,1,1,1,-1,-1,0,-1,1,1,0,1,1,1,1,1,1,1,-1,-1,0,1,0.0
2128,8396,-1,-1,-1,1,-1,-1,1,1,-1,1,1,-1,1,1,1,1,1,-1,0,1,1,1,1,1,-1,-1,-1,1,1,1,1.0
2129,1976,-1,-1,-1,1,-1,-1,0,-1,-1,-1,-1,-1,-1,-1,1,-1,-1,-1,1,-1,1,-1,1,-1,-1,0,-1,1,1,-1,0.0
2130,7910,-1,-1,1,1,1,-1,-1,1,1,1,1,1,-1,0,0,1,1,1,1,1,1,1,1,-1,1,0,-1,1,1,1,1.0
2131,6378,1,1,1,1,1,-1,1,1,-1,1,1,1,1,0,1,-1,1,1,0,1,1,1,1,1,1,1,-1,1,0,1,1.0
2132,904,-1,-1,-1,1,-1,-1,0,-1,-1,-1,-1,-1,1,-1,1,-1,-1,-1,1,-1,1,-1,-1,-1,-1,-1,-1,1,1,-1,0.0
2133,4424,1,-1,1,1,1,-1,-1,1,-1,1,1,1,1,1,0,-1,1,1,0,1,1,1,1,-1,1,1,1,-1,0,1,1.0
2134,7279,-1,-1,1,-1,1,-1,1,0,1,-1,-1,1,-1,-1,0,-1,-1,1,0,-1,1,-1,-1,-1,1,0,-1,1,0,1,0.0
2135,8184,1,-1,1,-1,1,-1,1,1,-1,-1,-1,1,1,1,1,0,1,-1,0,-1,1,-1,1,1,1,1,-1,1,1,1,1.0
2136,2843,1,1,-1,1,1,1,-1,1,-1,1,1,-1,1,0,1,1,1,1,0,1,1,1,1,1,-1,1,-1,1,-1,1,1.0
2137,5362,1,-1,1,1,1,-1,0,1,-1,1,1,1,1,1,1,-1,1,1,0,1,1,1,1,-1,1,1,1,1,0,1,1.0
2138,6161,1,-1,1,1,1,-1,1,1,1,1,1,1,1,1,0,0,1,1,0,1,1,1,1,-1,1,1,1,1,0,1,1.0
2139,3272,1,1,1,1,1,-1,0,-1,-1,-1,1,1,1,0,0,1,-1,1,0,-1,1,-1,1,-1,1,1,-1,1,0,1,1.0
2140,1680,1,-1,1,1,1,-1,0,0,-1,-1,-1,1,-1,-1,-1,-1,-1,1,0,1,1,-1,1,1,-1,1,-1,1,1,1,0.0
2141,2382,1,-1,1,1,1,1,1,1,1,1,1,1,-1,1,1,-1,1,1,0,1,1,1,1,1,1,1,-1,1,0,1,1.0
2142,10787,-1,1,-1,1,-1,-1,1,1,-1,1,1,-1,1,1,-1,-1,1,-1,1,1,1,1,1,1,-1,-1,1,1,1,1,1.0
2143,2613,1,-1,1,1,1,1,-1,1,1,1,1,1,-1,0,-1,-1,1,1,0,1,1,1,1,1,1,-1,-1,1,1,1,1.0
2144,9493,-1,-1,1,1,1,-1,0,-1,1,1,1,1,-1,0,-1,-1,1,1,0,1,1,1,1,1,1,1,-1,-1,0,1,0.0
2145,228,1,-1,1,1,1,-1,-1,1,-1,-1,1,1,1,1,1,-1,1,1,0,1,1,-1,1,1,1,1,1,1,1,1,1.0
2146,5961,-1,-1,1,1,1,-1,1,1,-1,1,1,1,1,1,0,1,1,1,0,1,1,1,1,-1,1,-1,-1,1,1,1,1.0
2147,6530,1,-1,1,-1,1,-1,1,1,-1,-1,-1,1,1,0,-1,0,-1,1,0,1,-1,-1,-1,-1,1,1,1,1,0,1,1.0
2148,5845,1,-1,1,1,1,-1,1,1,-1,1,1,1,1,0,-1,1,1,1,1,1,1,1,1,-1,1,1,1,1,0,1,1.0
2149,6057,-1,-1,1,1,1,-1,1,-1,-1,1,1,1,1,0,-1,-1,1,1,0,1,1,1,1,-1,1,0,-1,1,0,1,0.0
2150,3983,1,-1,1,1,1,-1,-1,1,-1,1,1,1,-1,0,0,-1,1,1,0,1,1,1,1,-1,1,1,-1,1,0,1,1.0
2151,1455,1,-1,1,1,1,-1,-1,1,1,-1,1,1,-1,-1,0,-1,1,1,0,1,1,-1,1,-1,1,-1,-1,1,0,1,0.0
2152,5289,1,-1,1,1,1,-1,0,-1,-1,1,1,1,-1,0,-1,-1,1,1,0,1,1,1,1,-1,1,0,1,1,0,-1,0.0
2153,113,1,-1,1,1,1,-1,1,1,-1,1,1,1,1,0,-1,-1,1,1,0,1,1,1,1,-1,1,0,-1,1,0,1,0.0
2154,9490,1,-1,1,1,1,-1,1,1,1,1,1,1,1,1,0,1,1,1,0,1,1,1,1,1,1,-1,-1,1,0,1,1.0
2155,8391,1,-1,1,-1,1,-1,0,1,-1,1,1,1,1,1,-1,1,1,1,0,1,1,1,1,1,1,1,-1,1,0,1,1.0
2156,3120,1,-1,1,1,1,-1,1,1,-1,1,1,1,1,0,0,-1,1,1,0,1,1,1,1,1,-1,0,-1,1,0,1,0.0
2157,8173,-1,1,-1,-1,-1,-1,-1,1,-1,1,1,1,-1,-1,1,-1,1,1,1,1,-1,1,-1,1,1,1,-1,-1,-1,1,0.0
2158,2054,1,-1,1,1,1,-1,1,1,1,1,1,1,-1,0,-1,-1,1,1,0,1,1,1,1,1,1,0,-1,1,0,1,1.0
2159,316,1,-1,1,1,1,-1,-1,-1,1,1,1,1,-1,-1,0,-1,1,1,0,1,1,1,1,-1,1,0,-1,1,0,1,0.0
2160,1184,1,-1,1,1,1,-1,-1,-1,1,1,1,1,-1,-1,-1,-1,1,1,0,1,1,1,1,1,1,-1,-1,-1,0,1,0.0
2161,5438,1,-1,1,1,1,-1,0,1,1,1,1,1,-1,1,1,-1,1,1,0,1,1,1,1,-1,1,1,-1,1,0,1,1.0
2162,6737,1,1,1,-1,1,-1,1,1,-1,-1,-1,1,1,1,-1,-1,-1,1,0,1,1,-1,1,1,1,1,1,1,1,1,1.0
2163,7146,-1,-1,1,1,1,-1,0,1,1,-1,1,1,1,0,-1,-1,1,1,0,1,-1,-1,-1,-1,1,0,-1,1,1,1,1.0
2164,8570,-1,-1,1,-1,1,1,1,1,-1,-1,-1,1,-1,1,1,-1,-1,1,0,-1,-1,-1,-1,1,1,-1,-1,1,1,1,1.0
2165,9104,-1,-1,1,1,1,-1,1,-1,1,1,1,1,-1,0,-1,-1,1,1,0,1,1,1,1,1,1,0,-1,-1,0,1,0.0
2166,9768,1,-1,1,-1,1,-1,0,0,-1,-1,-1,1,-1,-1,0,-1,-1,1,0,1,1,-1,1,1,1,-1,-1,-1,0,1,0.0
2167,9638,-1,-1,1,1,1,-1,1,1,1,1,1,1,-1,0,1,0,1,1,0,1,1,1,1,-1,1,0,-1,1,1,1,1.0
2168,9417,-1,-1,1,-1,1,-1,1,1,-1,-1,-1,1,1,0,1,1,-1,1,0,1,-1,-1,-1,1,1,-1,-1,1,1,1,1.0
2169,10561,1,-1,1,-1,-1,-1,1,1,-1,1,1,1,1,1,0,1,1,1,0,1,1,1,1,1,1,-1,-1,-1,0,1,1.0
2170,126,1,1,1,1,1,-1,0,1,-1,-1,-1,1,1,0,-1,1,-1,1,0,-1,1,-1,-1,-1,-1,1,-1,1,-1,1,1.0
2171,5798,-1,-1,-1,1,-1,-1,0,1,1,1,1,-1,-1,0,1,1,1,-1,0,1,1,1,1,-1,-1,1,1,-1,1,1,1.0
2172,10129,-1,-1,-1,1,-1,1,1,1,-1,1,1,-1,1,0,0,-1,1,-1,1,1,1,1,1,-1,-1,-1,-1,1,1,1,1.0
2173,4062,1,1,1,1,1,-1,1,1,-1,1,1,1,1,0,0,1,1,1,0,1,1,1,1,1,1,1,-1,1,0,1,1.0
2174,9188,-1,-1,1,1,1,-1,1,1,-1,1,1,1,1,0,1,-1,1,1,0,1,1,1,1,1,1,0,-1,1,1,1,1.0
2175,4698,1,1,1,-1,1,-1,-1,1,-1,1,1,1,1,0,1,1,1,1,0,1,1,1,1,1,1,1,1,1,0,1,1.0
2176,9495,1,-1,1,1,1,-1,1,1,-1,1,1,1,-1,1,1,1,1,1,0,1,1,1,1,1,1,-1,-1,1,0,1,1.0
2177,6076,1,1,1,1,1,-1,-1,1,-1,1,1,1,1,0,0,0,1,1,0,1,1,1,1,1,1,1,-1,1,0,1,1.0
2178,374,1,-1,1,1,1,-1,1,1,1,1,1,1,1,1,-1,-1,1,1,0,1,1,1,1,1,1,1,-1,1,0,1,1.0
2179,3281,1,1,1,1,1,-1,0,-1,-1,1,1,1,1,-1,1,1,1,1,0,1,1,1,1,-1,-1,-1,-1,1,1,1,0.0
2180,9822,1,-1,1,1,-1,-1,1,1,-1,1,1,1,1,1,0,1,1,1,1,1,1,1,1,1,1,1,-1,1,-1,1,1.0
2181,121,1,-1,1,1,1,-1,-1,-1,1,1,1,-1,-1,0,-1,-1,1,1,0,1,1,1,1,-1,1,0,-1,1,1,1,1.0
2182,4257,1,-1,1,1,1,-1,0,1,-1,1,1,1,-1,1,-1,-1,1,1,0,1,1,1,1,-1,1,0,1,-1,0,1,1.0
2183,4650,1,-1,1,1,1,-1,1,1,-1,1,1,1,1,0,1,-1,1,1,0,1,1,1,1,1,1,0,-1,1,0,1,0.0
2184,5507,1,-1,1,-1,-1,-1,1,1,1,1,1,1,-1,1,1,1,1,1,1,1,1,1,1,-1,1,1,1,1,0,1,1.0
2185,3354,1,1,1,1,1,-1,0,0,-1,-1,-1,1,1,-1,0,1,-1,1,0,1,1,-1,1,1,1,0,-1,1,0,-1,0.0
2186,1712,1,-1,1,1,1,-1,-1,1,-1,1,1,1,1,0,0,-1,1,1,0,1,1,1,1,-1,-1,0,-1,1,0,1,0.0
2187,1505,1,-1,1,1,1,-1,1,1,-1,-1,-1,1,-1,0,1,-1,-1,1,0,1,1,-1,1,1,-1,1,1,1,1,1,1.0
2188,9689,-1,1,1,1,1,-1,-1,-1,-1,1,1,1,1,-1,-1,-1,1,1,0,1,1,1,1,1,1,-1,1,-1,1,1,0.0
2189,5225,-1,-1,1,1,1,-1,1,1,-1,1,1,1,1,1,0,1,1,1,0,1,1,1,1,-1,1,-1,-1,1,1,1,1.0
2190,7469,-1,-1,1,1,1,-1,0,-1,1,1,1,1,-1,0,-1,0,1,1,0,1,1,1,1,-1,1,-1,1,1,0,1,0.0
2191,10290,-1,-1,-1,-1,-1,-1,0,0,-1,-1,1,-1,1,-1,1,-1,1,-1,1,1,1,-1,1,1,-1,1,-1,1,1,1,0.0
2192,4052,1,-1,1,1,1,-1,0,1,-1,1,1,1,1,0,1,-1,1,1,0,1,1,1,1,-1,-1,1,-1,1,1,1,1.0
2193,3185,1,-1,1,1,1,-1,-1,-1,1,1,1,1,-1,-1,-1,-1,1,1,0,1,1,1,1,-1,-1,0,-1,1,1,-1,0.0
2194,2695,-1,1,-1,-1,-1,-1,-1,-1,-1,1,1,-1,1,-1,0,1,1,-1,1,1,1,1,1,-1,-1,-1,-1,-1,1,1,0.0
2195,2326,1,-1,1,1,1,-1,-1,-1,-1,1,1,1,-1,0,-1,-1,1,1,0,1,1,1,1,-1,1,1,-1,1,0,1,0.0
2196,1307,1,-1,1,1,1,-1,-1,-1,-1,1,1,1,1,-1,0,-1,1,1,0,1,1,1,1,-1,1,-1,-1,1,-1,1,0.0
2197,50,1,-1,1,1,1,-1,1,1,-1,1,1,1,1,0,1,-1,-1,-1,0,1,1,1,1,1,1,1,-1,-1,-1,-1,1.0
2198,3566,1,-1,1,1,1,-1,1,1,-1,1,1,1,1,0,0,-1,1,1,0,1,1,1,1,1,1,0,-1,1,0,1,1.0
2199,10694,1,-1,-1,1,-1,-1,-1,0,1,1,1,-1,-1,-1,1,-1,1,-1,1,1,1,1,1,1,-1,0,-1,1,0,1,0.0
2200,5099,1,-1,1,1,1,-1,0,-1,-1,1,1,1,-1,-1,1,-1,1,1,0,1,1,1,1,-1,-1,-1,-1,1,1,1,0.0
2201,2696,1,1,1,1,-1,-1,-1,1,-1,-1,1,-1,1,0,1,1,1,1,0,-1,1,-1,1,1,1,1,-1,1,0,1,1.0
2202,5081,1,-1,1,1,1,-1,0,1,1,1,1,1,-1,1,-1,-1,1,1,0,1,1,1,1,-1,-1,1,-1,1,1,1,1.0
2203,4091,1,-1,1,1,1,-1,0,1,-1,-1,-1,1,1,0,0,-1,-1,1,0,1,1,-1,-1,-1,-1,1,1,-1,1,-1,1.0
2204,5839,-1,-1,1,1,1,-1,1,0,-1,1,1,1,1,0,0,0,1,1,0,1,1,1,1,-1,1,-1,-1,1,0,1,0.0
2205,8703,-1,1,-1,-1,-1,-1,1,1,1,-1,1,-1,-1,1,1,1,1,-1,1,1,1,-1,1,-1,-1,1,1,1,1,1,1.0
2206,7698,1,-1,1,-1,1,-1,-1,-1,-1,-1,-1,1,1,-1,-1,0,-1,1,0,-1,1,-1,-1,-1,1,0,-1,1,1,1,0.0
2207,1750,1,-1,1,1,1,-1,1,-1,1,1,1,1,-1,0,0,-1,1,1,0,1,1,1,1,-1,-1,1,-1,1,1,1,0.0
2208,1719,1,-1,1,1,1,1,-1,1,-1,1,1,1,1,1,1,-1,1,1,0,1,1,1,1,1,-1,1,-1,1,1,1,1.0
2209,2384,1,-1,1,1,1,-1,1,1,-1,-1,-1,1,-1,0,0,-1,-1,1,0,-1,-1,-1,-1,1,-1,1,-1,1,1,-1,1.0
2210,9611,-1,-1,-1,1,1,-1,1,1,1,1,1,-1,-1,0,-1,0,-1,1,0,1,1,1,1,1,-1,-1,-1,1,1,1,1.0
